,Name,Price,Engine,Mileage,BodyType,FuelType,Transmission,SellerType,City,Description,Link,HorsePower,Color,GearBox,SteeringWheelSide,DocumentsOK,OwnersCounter,CarIsWanted,CarIsBusted
0,"–ü—Ä–æ–¥–∞–∂–∞ BMW X7, 2022 –≥–æ–¥ –≤ –ú–æ—Å–∫–≤–µ",17 490 000 ‚ÇΩ,"–±–µ–Ω–∑–∏–Ω, 4.4 –ª",–Ω–æ–≤—ã–π –∞–≤—Ç–æ–º–æ–±–∏–ª—å,–ù–µ–∏–∑–≤–µ—Å—Ç–Ω–æ,–°–º–æ—Ç—Ä–µ—Ç—å –≤ '–î–≤–∏–≥–∞—Ç–µ–ª—å',4WD,–ù–µ —É–∫–∞–∑–∞–Ω–æ –Ω–∞ –î—Ä–æ–º,–ú–æ—Å–∫–≤–∞ –∏ –ú–û,"–°—Ç–æ–∏–º–æ—Å—Ç—å –∞/–º —Ñ–æ—Ä–º–∏—Ä—É–µ—Ç—Å—è –∏ –∏—Å—á–∏—Å–ª—è–µ—Ç—Å—è –≤ –¥–æ–ª–ª–∞—Ä–∞—Ö –∏ —Å–æ—Å—Ç–∞–≤–ª—è–µ—Ç 210.000$. —Ü–µ–Ω–∞ —É–∫–∞–∑–∞–Ω–∞ –±–µ–∑ –ù–î–°. –í –ª–∏–∑–∏–Ω–≥ –±—É–¥–µ—Ç –¥–æ—Ä–æ–∂–µ.
–ù–æ–≤—ã–π –∞/–º! 2022 –≥–æ–¥–∞ –≤—ã–ø—É—Å–∫–∞ –≤–µ—Ä—Å–∏—è –ú60 - –ø–æ—á—Ç–∏ —Å—É–ø–µ—Ä–∫–∞—Ä —Å –ø–æ–≤–æ—Ä–∞—á–∏–≤–∞–µ–º–æ–π –∑–∞–¥–Ω–µ–π –æ—Å—å—é.
–î–ê, —Ñ–æ—Ç–æ –∏–º–µ–Ω–Ω–æ –Ω–∞—à–µ–≥–æ –∞/–º, –∫–æ–Ω–∫—Ä–µ—Ç–Ω–æ –µ–≥–æ –º—ã –∏ –ø—Ä–µ–¥–ª–∞–≥–∞–µ–º.
–í—ã –±—É–¥–µ—Ç–µ –ø–µ—Ä–≤—ã–º –≤–ª–∞–¥–µ–ª—å—Ü–µ–º.
–ö–æ–º–ø–ª–µ–∫—Ç–∞—Ü–∏—è: –º–∞—Å—Å–∞–∂ –ø–µ—Ä–µ–¥–Ω–∏—Ö –∫—Ä–µ—Å–µ–ª, —Ç—Ä–∏ —Ä—è–¥–∞ —Å–∏–¥–µ–Ω–∏–π, –ø–æ–¥–æ–≥—Ä–µ–≤ —Ä—É–ª—è, –ø–µ—Ä–µ–¥–Ω–µ–≥–æ, –≤—Ç–æ—Ä–æ–≥–æ –∏ —Ç—Ä–µ—Ç—å–µ–≥–æ —Ä—è–¥–∞, –∫–ª–∏–º–∞—Ç-–∫–æ–Ω—Ç—Ä–æ–ª—å —Ç–∞–∫–∂–µ –Ω–∞ —Ç—Ä–µ—Ö —Ä—è–¥–∞—Ö, –¥–≤–∞ –ª—é–∫–∞, Sky Lounge –ø–∞–Ω–æ—Ä–∞–º–∞, –ø—Ä–æ–µ–∫—Ü–∏—è, –¥–æ–≤–æ–¥—á–∏–∫–∏ –¥–≤–µ—Ä–µ–π, –∞–¥–∞–ø—Ç–∏–≤–Ω—ã–π –∫—Ä—É–∏–∑-–∫–æ–Ω—Ç—Ä–æ–ª—å, 22 –∫–æ–ª–µ—Å–Ω—ã–µ –¥–∏—Å–∫–∏, –ø—Ä–µ–º–∏–∞–ª—å–Ω–∞—è –º—É–∑—ã–∫–∞, –∫—Ä—É–≥–æ–≤–æ–π –æ–±–∑–æ—Ä, –≤–µ–Ω—Ç–∏–ª—è—Ü–∏—è –ø–µ—Ä–µ–¥–Ω–∏—Ö —Å–∏–¥–µ–Ω–∏–π, —à—Ç–æ—Ä–∫–∏ –Ω–∞ –∑–∞–¥–Ω–∏—Ö –¥–≤–µ—Ä—è—Ö, –ø–Ω–µ–≤–º–æ–ø–æ–¥–≤–µ—Å–∫–∞, –ø–æ–¥–æ–≥—Ä–µ–≤ –∏ –æ—Ö–ª–∞–∂–¥–µ–Ω–∏–µ –ø–æ–¥—Å—Ç–∞–∫–∞–Ω–Ω–∏–∫–æ–≤ –∏ —Ç. –¥.

–ù—É –∏ –¥–≤–∞ —Å–ª–æ–≤–∞ –æ –Ω–∞—Å: –º—ã –∑–∞–Ω–∏–º–∞–µ–º—Å—è –ø–æ—Å—Ç–∞–≤–∫–æ–π –Ω–æ–≤—ã—Ö –∞/–º –∏–∑ –°–®–ê –∏ –ï–≤—Ä–æ–ø—ã –±–µ–∑ –ø–æ—Å—Ä–µ–¥–Ω–∏–∫–æ–≤ –±–æ–ª–µ–µ 10 –ª–µ—Ç! –û—Ñ–∏—Å –Ω–∞—Ö–æ–¥–∏—Ç—Å—è –≤ –ú–æ—Å–∫–≤–µ –Ω–∞ –í–¢–ë –ê—Ä–µ–Ω–µ.
–£ –Ω–∞—Å –≤—ã –º–æ–∂–µ—Ç–µ –∑–∞–∫–∞–∑–∞—Ç—å –ª—é–±–æ–π –∞/–º, –∫–æ—Ç–æ—Ä—ã–π –¥–æ—Å—Ç—É–ø–µ–Ω —É –æ—Ñ–∏—Ü–∏–∞–ª—å–Ω–æ–≥–æ –¥–∏–ª–µ—Ä–∞ –°–®–ê –∏ –ï–≤—Ä–æ–ø—ã –ø–æ –ø—Ä–µ–¥–æ–ø–ª–∞—Ç–µ –æ—Ç 20%
–†–∞–±–æ—Ç–∞–µ–º —Å –∞–≤—Ç–æ–¥–∏–ª–µ—Ä–∞–º–∏ –∏ –∞–≥–µ–Ω—Ç–∞–º–∏.
–û—Å—Ç–∞–ª–∏—Å—å –≤–æ–ø—Ä–æ—Å—ã? –ó–≤–æ–Ω–∏—Ç–µ! –•–æ—Ä–æ—à–µ–≥–æ –≤–∞–º –Ω–∞—Å—Ç—Ä–æ–µ–Ω–∏—è.
American Auto - –∞–≤—Ç–æ–º–æ–±–∏–ª–∏ –ø–æ –ª—É—á—à–∏–º —Ü–µ–Ω–∞–º –∏–∑ –°–®–ê –∏ –ï–≤—Ä–æ–ø—ã!

–≤–∏–¥–µ–æ –ø–æ —Å—Å—ã–ª–∫–µ https://www.youtube.com/watch?v=UwoCHB_menk",https://moscow.drom.ru/bmw/x7/50498091.html,530 –ª.—Å.,–±–µ–ª—ã–π,–ê–ö–ü–ü,–ª–µ–≤—ã–π,–ù–µ–∏–∑–≤–µ—Å—Ç–Ω–æ,–ù–µ–∏–∑–≤–µ—Å—Ç–Ω–æ,–ù–µ–∏–∑–≤–µ—Å—Ç–Ω–æ,–ù–µ–∏–∑–≤–µ—Å—Ç–Ω–æ
1,"–ü—Ä–æ–¥–∞–∂–∞ Hyundai Creta, 2020 –≥–æ–¥ –≤ –ú–æ—Å–∫–≤–µ",1 799 000 ‚ÇΩ,"–±–µ–Ω–∑–∏–Ω, 2.0 –ª",62 701,–ù–µ–∏–∑–≤–µ—Å—Ç–Ω–æ,–°–º–æ—Ç—Ä–µ—Ç—å –≤ '–î–≤–∏–≥–∞—Ç–µ–ª—å',4WD,–ù–µ —É–∫–∞–∑–∞–Ω–æ –Ω–∞ –î—Ä–æ–º,–ú–æ—Å–∫–≤–∞ –∏ –ú–û,"–ö–û–ú–ü–õ–ï–ö–¢–ê–¶–ò–Ø
–û–±–∑–æ—Ä: –ü—Ä–æ—Ç–∏–≤–æ—Ç—É–º–∞–Ω–Ω—ã–µ —Ñ–∞—Ä—ã, –ö—Å–µ–Ω–æ–Ω–æ–≤—ã–µ/–ë–∏–∫—Å–µ–Ω–æ–Ω–æ–≤—ã–µ —Ñ–∞—Ä—ã, –î–∞—Ç—á–∏–∫ –¥–æ–∂–¥—è, –î–∞—Ç—á–∏–∫ —Å–≤–µ—Ç–∞, –≠–ª–µ–∫—Ç—Ä–æ–æ–±–æ–≥—Ä–µ–≤ –∑–µ—Ä–∫–∞–ª, –°–∏—Å—Ç–µ–º–∞ –∞–¥–∞–ø—Ç–∏–≤–Ω–æ–≥–æ –æ—Å–≤–µ—â–µ–Ω–∏—è, –≠–ª–µ–∫—Ç—Ä–æ–æ–±–æ–≥—Ä–µ–≤ –ª–æ–±–æ–≤–æ–≥–æ —Å—Ç–µ–∫–ª–∞, –≠–ª–µ–∫—Ç—Ä–æ–æ–±–æ–≥—Ä–µ–≤ –∑–æ–Ω—ã —Å—Ç–µ–∫–ª–æ–æ—á–∏—Å—Ç–∏—Ç–µ–ª–µ–π;
–≠–ª–µ–º–µ–Ω—Ç—ã —ç–∫—Å—Ç–µ—Ä—å–µ—Ä–∞: –†–∞–∑–º–µ—Ä –¥–∏—Å–∫–æ–≤ - –î–∏—Å–∫–∏ 17, –†–µ–π–ª–∏–Ω–≥–∏ –Ω–∞ –∫—Ä—ã—à–µ, –¢–∏–ø –¥–∏—Å–∫–æ–≤ - –õ–µ–≥–∫–æ—Å–ø–ª–∞–≤–Ω—ã–µ –¥–∏—Å–∫–∏;
–ó–∞—â–∏—Ç–∞ –æ—Ç —É–≥–æ–Ω–∞: –ò–º–º–æ–±–∏–ª–∞–π–∑–µ—Ä, –¶–µ–Ω—Ç—Ä–∞–ª—å–Ω—ã–π –∑–∞–º–æ–∫, –°–∏–≥–Ω–∞–ª–∏–∑–∞—Ü–∏—è, –î–∞—Ç—á–∏–∫ –ø—Ä–æ–Ω–∏–∫–Ω–æ–≤–µ–Ω–∏—è –≤ —Å–∞–ª–æ–Ω (–¥–∞—Ç—á–∏–∫ –æ–±—ä–µ–º–∞);
–ú—É–ª—å—Ç–∏–º–µ–¥–∏–∞: AUX, USB, –ê—É–¥–∏–æ—Å–∏—Å—Ç–µ–º–∞, Bluetooth, –†–æ–∑–µ—Ç–∫–∞ 12V, –ì–æ–ª–æ—Å–æ–≤–æ–µ —É–ø—Ä–∞–≤–ª–µ–Ω–∏–µ;
–°–∞–ª–æ–Ω: –ö–æ–∂–∞ (–ú–∞—Ç–µ—Ä–∏–∞–ª —Å–∞–ª–æ–Ω–∞), –ö–æ–ª–∏—á–µ—Å—Ç–≤–æ –º–µ—Å—Ç: 5, –¶–≤–µ—Ç —Å–∞–ª–æ–Ω–∞ - –¢–µ–º–Ω—ã–π —Å–∞–ª–æ–Ω, –û–±–æ–≥—Ä–µ–≤ —Ä—É–ª–µ–≤–æ–≥–æ –∫–æ–ª–µ—Å–∞, –û—Ç–¥–µ–ª–∫–∞ –∫–æ–∂–µ–π —Ä—É–ª–µ–≤–æ–≥–æ –∫–æ–ª–µ—Å–∞, –ù–∞–∫–ª–∞–¥–∫–∏ –Ω–∞ –ø–æ—Ä–æ–≥–∏, –ü–æ–¥–æ–≥—Ä–µ–≤ –∑–∞–¥–Ω–∏—Ö —Å–∏–¥–µ–Ω–∏–π, –ü–æ–¥–æ–≥—Ä–µ–≤ –ø–µ—Ä–µ–¥–Ω–∏—Ö —Å–∏–¥–µ–Ω–∏–π, –û—Ç–¥–µ–ª–∫–∞ –∫–æ–∂–µ–π —Ä—ã—á–∞–≥–∞ –ö–ü–ü, –°–∫–ª–∞–¥—ã–≤–∞—é—â–µ–µ—Å—è –∑–∞–¥–Ω–µ–µ —Å–∏–¥–µ–Ω–∏–µ, –¢—Ä–µ—Ç–∏–π –∑–∞–¥–Ω–∏–π –ø–æ–¥–≥–æ–ª–æ–≤–Ω–∏–∫, –ü–µ—Ä–µ–¥–Ω–∏–π —Ü–µ–Ω—Ç—Ä–∞–ª—å–Ω—ã–π –ø–æ–¥–ª–æ–∫–æ—Ç–Ω–∏–∫, –†–µ–≥—É–ª–∏—Ä–æ–≤–∫–∞ —Å–∏–¥–µ–Ω–∏–π –ø–æ –≤—ã—Å–æ—Ç–µ - –†–µ–≥—É–ª–∏—Ä–æ–≤–∫–∞ –ø–µ—Ä–µ–¥–Ω–∏—Ö —Å–∏–¥–µ–Ω–∏–π –ø–æ –≤—ã—Å–æ—Ç–µ;
–ö–æ–º—Ñ–æ—Ä—Ç: –ö–∞–º–µ—Ä–∞ –∑–∞–¥–Ω—è—è, –ö–æ–Ω–¥–∏—Ü–∏–æ–Ω–µ—Ä - –ö–ª–∏–º–∞—Ç-–∫–æ–Ω—Ç—Ä–æ–ª—å 1-–∑–æ–Ω–Ω—ã–π, –ë–æ—Ä—Ç–æ–≤–æ–π –∫–æ–º–ø—å—é—Ç–µ—Ä, –û—Ö–ª–∞–∂–¥–∞–µ–º—ã–π –ø–µ—Ä—á–∞—Ç–æ—á–Ω—ã–π —è—â–∏–∫, –ú—É–ª—å—Ç–∏—Ñ—É–Ω–∫—Ü–∏–æ–Ω–∞–ª—å–Ω–æ–µ —Ä—É–ª–µ–≤–æ–µ –∫–æ–ª–µ—Å–æ, –ó–∞–ø—É—Å–∫ –¥–≤–∏–≥–∞—Ç–µ–ª—è —Å –∫–Ω–æ–ø–∫–∏, –°–∏—Å—Ç–µ–º–∞ –¥–æ—Å—Ç—É–ø–∞ –±–µ–∑ –∫–ª—é—á–∞, –ü–∞—Ä–∫—Ç—Ä–æ–Ω–∏–∫ –∑–∞–¥–Ω–∏–π, –ö—Ä—É–∏–∑-–∫–æ–Ω—Ç—Ä–æ–ª—å, –£—Å–∏–ª–∏—Ç–µ–ª—å —Ä—É–ª—è, –≠–ª–µ–∫—Ç—Ä–æ–ø—Ä–∏–≤–æ–¥ –∑–µ—Ä–∫–∞–ª, –≠–ª–µ–∫—Ç—Ä–æ—Å—Ç–µ–∫–ª–æ–ø–æ–¥—ä—ë–º–Ω–∏–∫–∏ –∑–∞–¥–Ω–∏–µ, –≠–ª–µ–∫—Ç—Ä–æ—Å—Ç–µ–∫–ª–æ–ø–æ–¥—ä—ë–º–Ω–∏–∫–∏ –ø–µ—Ä–µ–¥–Ω–∏–µ, –†–µ–≥—É–ª–∏—Ä–æ–≤–∫–∞ —Ä—É–ª—è –ø–æ –≤—ã—Å–æ—Ç–µ, –†–µ–≥—É–ª–∏—Ä–æ–≤–∫–∞ —Ä—É–ª—è –ø–æ –≤—ã–ª–µ—Ç—É, –ü—Ä–∏–∫—É—Ä–∏–≤–∞—Ç–µ–ª—å –∏ –ø–µ–ø–µ–ª—å–Ω–∏—Ü–∞;
–ë–µ–∑–æ–ø–∞—Å–Ω–æ—Å—Ç—å: –ê–Ω—Ç–∏–±–ª–æ–∫–∏—Ä–æ–≤–æ—á–Ω–∞—è —Å–∏—Å—Ç–µ–º–∞ (ABS), –ê–Ω—Ç–∏–ø—Ä–æ–±—É–∫—Å–æ–≤–æ—á–Ω–∞—è —Å–∏—Å—Ç–µ–º–∞ (ASR), –°–∏—Å—Ç–µ–º–∞ –ø–æ–º–æ—â–∏ –ø—Ä–∏ —Ç–æ—Ä–º–æ–∂–µ–Ω–∏–∏, –°–∏—Å—Ç–µ–º–∞ —Å—Ç–∞–±–∏–ª–∏–∑–∞—Ü–∏–∏, –°–∏—Å—Ç–µ–º–∞ –ø–æ–º–æ—â–∏ –ø—Ä–∏ —Å—Ç–∞—Ä—Ç–µ –≤ –≥–æ—Ä—É, –ö—Ä–µ–ø–ª–µ–Ω–∏–µ –¥–ª—è –¥–µ—Ç—Å–∫–æ–≥–æ –∫—Ä–µ—Å–ª–∞ (–∑–∞–¥–Ω–∏–π —Ä—è–¥), –ü–æ–¥—É—à–∫–∏ –±–µ–∑–æ–ø–∞—Å–Ω–æ—Å—Ç–∏ –±–æ–∫–æ–≤—ã–µ, –ö—Ä–µ–ø–ª–µ–Ω–∏–µ –¥–ª—è –¥–µ—Ç—Å–∫–æ–≥–æ –∫—Ä–µ—Å–ª–∞ (–ø–µ—Ä–µ–¥–Ω–∏–π —Ä—è–¥), –ü–æ–¥—É—à–∫–∞ –±–µ–∑–æ–ø–∞—Å–Ω–æ—Å—Ç–∏ –≤–æ–¥–∏—Ç–µ–ª—è, –î–∞—Ç—á–∏–∫ –¥–∞–≤–ª–µ–Ω–∏—è –≤ —à–∏–Ω–∞—Ö, –ü–æ–¥—É—à–∫–∏ –±–µ–∑–æ–ø–∞—Å–Ω–æ—Å—Ç–∏ –æ–∫–æ–Ω–Ω—ã–µ (—à—Ç–æ—Ä–∫–∏), –ü–æ–¥—É—à–∫–∞ –±–µ–∑–æ–ø–∞—Å–Ω–æ—Å—Ç–∏ –ø–∞—Å—Å–∞–∂–∏—Ä–∞, –ë–ª–æ–∫–∏—Ä–æ–≤–∫–∞ –∑–∞–º–∫–æ–≤ –∑–∞–¥–Ω–∏—Ö –¥–≤–µ—Ä–µ–π;
–ü—Ä–æ—á–µ–µ: –ü–æ–ª–Ω–æ—Ä–∞–∑–º–µ—Ä–Ω–æ–µ –∑–∞–ø–∞—Å–Ω–æ–µ –∫–æ–ª–µ—Å–æ, –ó–∞—â–∏—Ç–∞ –∫–∞—Ä—Ç–µ—Ä–∞, –ê–∫—Ç–∏–≤–Ω–∞—è –ø–æ–¥–≤–µ—Å–∫–∞.

–ü–æ–ª—É—á–∏—Ç–µ –¥–æ–ø–æ–ª–Ω–∏—Ç–µ–ª—å–Ω—É—é —Å–∫–∏–¥–∫—É –¥–æ 300 000 —Ä—É–±–ª–µ–π –ø—Ä–∏ –ø–æ–∫—É–ø–∫–µ –∞–≤—Ç–æ–º–æ–±–∏–ª—è –≤ –∫—Ä–µ–¥–∏—Ç!

üí°–í—Å–µ –∞–≤—Ç–æ–º–æ–±–∏–ª–∏, –ø—Ä–µ–¥—Å—Ç–∞–≤–ª–µ–Ω–Ω—ã–µ –≤ –ø—Ä–æ–¥–∞–∂–µ, –ø—Ä–æ—Ö–æ–¥—è—Ç –¥–∏–∞–≥–Ω–æ—Å—Ç–∏–∫—É –ø–æ –±–æ–ª–µ–µ 48 –ø–∞—Ä–∞–º–µ—Ç—Ä–∞–º, —Å —Ä–µ–∑—É–ª—å—Ç–∞—Ç–∞–º–∏ –¥–∏–∞–≥–Ω–æ—Å—Ç–∏–∫–∏ –í—ã –º–æ–∂–µ—Ç–µ –æ–∑–Ω–∞–∫–æ–º–∏—Ç—å—Å—è –ø—Ä–∏ –æ—Å–º–æ—Ç—Ä–µ –∞–≤—Ç–æ–º–æ–±–∏–ª—è.üí°

–ü—Ä–µ–¥–æ—Å—Ç–∞–≤–ª—è–µ–º –≥–∞—Ä–∞–Ω—Ç–∏—é —é—Ä–∏–¥–∏—á–µ—Å–∫–æ–π —á–∏—Å—Ç–æ—Ç—ã, –∞ —Ç–∞–∫ –∂–µ –≥–æ–¥ —Ç–µ—Ö–Ω–∏—á–µ—Å–∫–æ–π –≥–∞—Ä–∞–Ω—Ç–∏–∏ –Ω–∞ –¥–≤–∏–≥–∞—Ç–µ–ª—å –∏ –ö–ü–ü –≤ –ø–∏—Å—å–º–µ–Ω–Ω–æ–π —Ñ–æ—Ä–º–µ‚ùó

‚ùó –í—Å–µ –∑–∞—è–≤–ª–µ–Ω–Ω—ã–µ –∞–≤—Ç–æ–º–æ–±–∏–ª–∏ –Ω–∞—Ö–æ–¥—è—Ç—Å—è –≤ –Ω–∞–ª–∏—á–∏–∏.
‚ùó –ß–µ—Å—Ç–Ω—ã–µ —Ü–µ–Ω—ã.
‚ùó –ë–µ–∑ —Å–∫—Ä—ã—Ç—ã—Ö –∫–æ–º–∏—Å—Å–∏–π.

üî•–î–æ–ø–æ–ª–Ω–∏—Ç–µ–ª—å–Ω–∞—è —Å–∫–∏–¥–∫–∞ –¥–æ 100 000 —Ä—É–±–ª–µ–π –ø—Ä–∏ –ø–æ–∫—É–ø–∫–µ –∞/–º –ø–æ –ø—Ä–æ–≥—Ä–∞–º–º–µ Trade-In (–æ–±–º–µ–Ω –Ω–∞ –≤–∞—à –∞–≤—Ç–æ–º–æ–±–∏–ª—å)üî•
üéÅ –î–æ–ø–æ–ª–Ω–∏—Ç–µ–ª—å–Ω–∞—è –≤—ã–≥–æ–¥–∞ –ø—Ä–∏ –ø–æ–∫—É–ø–∫–µ –∞–≤—Ç–æ–º–æ–±–∏–ª—è –≤ –∫—Ä–µ–¥–∏—Ç –æ—Ç 100 —Ç—ã—Å—è—á —Ä—É–±–ª–µ–π.üéÅ *

–ü—Ä–µ–∏–º—É—â–µ—Å—Ç–≤–∞ –∞–≤—Ç–æ–∫—Ä–µ–¥–∏—Ç–æ–≤–∞–Ω–∏—è:
‚úî –°—Ç–∞–≤–∫–∞ –ø–æ –∫—Ä–µ–¥–∏—Ç—É –æ—Ç 4.9% –≥–æ–¥–æ–≤—ã—Ö;
‚úî –ü–µ—Ä–≤–æ–Ω–∞—á–∞–ª—å–Ω—ã–π –≤–∑–Ω–æ—Å –æ—Ç 0%;
‚úî –ë–æ–ª–µ–µ 23 –∫—Ä–µ–¥–∏—Ç–Ω—ã—Ö –ø—Ä–æ–≥—Ä–∞–º–º;
‚úî –ú–∏–Ω–∏–º–∞–ª—å–Ω—ã–π –ø–∞–∫–µ—Ç –¥–æ–∫—É–º–µ–Ω—Ç–æ–≤ ‚Äì –ø–∞—Å–ø–æ—Ä—Ç –∏ –≤–æ–¥. —É–¥–æ—Å—Ç–æ–≤–µ—Ä–µ–Ω–∏–µ;
‚úî –°—Ä–æ–∫ –∫—Ä–µ–¥–∏—Ç–∞ –æ—Ç 6 –º–µ—Å—è—Ü–µ–≤ –¥–æ 7 –ª–µ—Ç;
‚úî –°—É–º–º–∞ –∫—Ä–µ–¥–∏—Ç–∞ –æ—Ç 60 000 —Ä—É–±. –¥–æ 3 000 000 —Ä—É–±–ª–µ–π;
‚úî –î–æ—Å—Ä–æ—á–Ω–æ–µ –ø–æ–≥–∞—à–µ–Ω–∏–µ –±–µ–∑ —à—Ç—Ä–∞—Ñ–æ–≤ –∏ –∫–æ–º–∏—Å—Å–∏–π;
‚úî –ö–ê–°–ö–û ‚Äì –Ω–µ–æ–±—è–∑–∞—Ç–µ–ª—å–Ω–æ.

üî•–í—Ç–æ—Ä–æ–π –∫–æ–º–ø–ª–µ–∫—Ç —Ä–µ–∑–∏–Ω—ã –≤ –ø–æ–¥–∞—Ä–æ–∫üî•

–ü—Ä–∏–≥–ª–∞—à–∞–µ–º –Ω–∞ –±–µ—Å–ø–ª–∞—Ç–Ω—ã–π —Ç–µ—Å—Ç-–¥—Ä–∞–π–≤‚ùó –ë–æ–ª–µ–µ –ø–æ–¥—Ä–æ–±–Ω—É—é –∏–Ω—Ñ–æ—Ä–º–∞—Ü–∏—é –º–æ–∂–Ω–æ –ø–æ–ª—É—á–∏—Ç—å –ø–æ —É–∫–∞–∑–∞–Ω–Ω–æ–º—É –Ω–æ–º–µ—Ä—É —Ç–µ–ª–µ—Ñ–æ–Ω–∞.
*-–î–∞–Ω–Ω—ã–µ —Å–∫–∏–¥–∫–∏ –ø—Ä–∏–º–µ–Ω—è—é—Ç—Å—è –≤ –∑–∞–≤–∏—Å–∏–º–æ—Å—Ç–∏ –æ—Ç —É—Å–ª–æ–≤–∏–π –ø–æ–∫—É–ø–∫–∏. –ü–æ–¥—Ä–æ–±–Ω–æ—Å—Ç–∏ —É—Ç–æ—á–Ω—è–π—Ç–µ —É –º–µ–Ω–µ–¥–∂–µ—Ä–æ–≤ –∞–≤—Ç–æ—Å–∞–ª–æ–Ω–∞.",https://moscow.drom.ru/hyundai/creta/50430419.html,149 –ª.—Å.,—Å–µ—Ä—ã–π,–ê–ö–ü–ü,–ª–µ–≤—ã–π,–•–∞—Ä–∞–∫—Ç–µ—Ä–∏—Å—Ç–∏–∫–∏ —Å–æ–≤–ø–∞–¥–∞—é—Ç —Å –ü–¢–°,1 –∑–∞–ø–∏—Å—å –æ —Ä–µ–≥–∏—Å—Ç—Ä–∞—Ü–∏–∏,–ù–µ —á–∏—Å–ª–∏—Ç—Å—è –≤ —Ä–æ–∑—ã—Å–∫–µ,–û–≥—Ä–∞–Ω–∏—á–µ–Ω–∏–π –Ω–µ –æ–±–Ω–∞—Ä—É–∂–µ–Ω–æ
2,"–ü—Ä–æ–¥–∞–∂–∞ Hyundai Palisade, 2020 –≥–æ–¥ –≤ –ú–æ—Å–∫–≤–µ",3 849 000 ‚ÇΩ,"–¥–∏–∑–µ–ª—å, 2.2 –ª",48 387,–ù–µ–∏–∑–≤–µ—Å—Ç–Ω–æ,–°–º–æ—Ç—Ä–µ—Ç—å –≤ '–î–≤–∏–≥–∞—Ç–µ–ª—å',4WD,–ù–µ —É–∫–∞–∑–∞–Ω–æ –Ω–∞ –î—Ä–æ–º,–ú–æ—Å–∫–≤–∞ –∏ –ú–û,"–ö–û–ú–ü–õ–ï–ö–¢–ê–¶–ò–Ø
–û–±–∑–æ—Ä: –ü—Ä–æ—Ç–∏–≤–æ—Ç—É–º–∞–Ω–Ω—ã–µ —Ñ–∞—Ä—ã, –°–≤–µ—Ç–æ–¥–∏–æ–¥–Ω—ã–µ —Ñ–∞—Ä—ã, –î–∞—Ç—á–∏–∫ –¥–æ–∂–¥—è, –î–∞—Ç—á–∏–∫ —Å–≤–µ—Ç–∞, –≠–ª–µ–∫—Ç—Ä–æ–æ–±–æ–≥—Ä–µ–≤ –∑–µ—Ä–∫–∞–ª, –°–∏—Å—Ç–µ–º–∞ –∞–¥–∞–ø—Ç–∏–≤–Ω–æ–≥–æ –æ—Å–≤–µ—â–µ–Ω–∏—è, –≠–ª–µ–∫—Ç—Ä–æ–æ–±–æ–≥—Ä–µ–≤ –ª–æ–±–æ–≤–æ–≥–æ —Å—Ç–µ–∫–ª–∞, –°–∏—Å—Ç–µ–º–∞ —É–ø—Ä–∞–≤–ª–µ–Ω–∏—è –¥–∞–ª—å–Ω–∏–º —Å–≤–µ—Ç–æ–º, –≠–ª–µ–∫—Ç—Ä–æ–æ–±–æ–≥—Ä–µ–≤ –∑–æ–Ω—ã —Å—Ç–µ–∫–ª–æ–æ—á–∏—Å—Ç–∏—Ç–µ–ª–µ–π, –≠–ª–µ–∫—Ç—Ä–æ–æ–±–æ–≥—Ä–µ–≤ —Ñ–æ—Ä—Å—É–Ω–æ–∫ —Å—Ç–µ–∫–ª–æ–æ–º—ã–≤–∞—Ç–µ–ª–µ–π, –ê–≤—Ç–æ–º–∞—Ç–∏—á–µ—Å–∫–∏–π –∫–æ—Ä—Ä–µ–∫—Ç–æ—Ä —Ñ–∞—Ä;
–≠–ª–µ–º–µ–Ω—Ç—ã —ç–∫—Å—Ç–µ—Ä—å–µ—Ä–∞: –†–∞–∑–º–µ—Ä –¥–∏—Å–∫–æ–≤ - –î–∏—Å–∫–∏ 19, –†–µ–π–ª–∏–Ω–≥–∏ –Ω–∞ –∫—Ä—ã—à–µ, –¢–∏–ø –¥–∏—Å–∫–æ–≤ - –õ–µ–≥–∫–æ—Å–ø–ª–∞–≤–Ω—ã–µ –¥–∏—Å–∫–∏, –î–µ–∫–æ—Ä–∞—Ç–∏–≤–Ω—ã–µ –º–æ–ª–¥–∏–Ω–≥–∏;
–ó–∞—â–∏—Ç–∞ –æ—Ç —É–≥–æ–Ω–∞: –ò–º–º–æ–±–∏–ª–∞–π–∑–µ—Ä, –¶–µ–Ω—Ç—Ä–∞–ª—å–Ω—ã–π –∑–∞–º–æ–∫, –°–∏–≥–Ω–∞–ª–∏–∑–∞—Ü–∏—è —Å –æ–±—Ä–∞—Ç–Ω–æ–π —Å–≤—è–∑—å—é, –î–∞—Ç—á–∏–∫ –ø—Ä–æ–Ω–∏–∫–Ω–æ–≤–µ–Ω–∏—è –≤ —Å–∞–ª–æ–Ω (–¥–∞—Ç—á–∏–∫ –æ–±—ä–µ–º–∞);
–ú—É–ª—å—Ç–∏–º–µ–¥–∏–∞: AUX, USB, –ê—É–¥–∏–æ—Å–∏—Å—Ç–µ–º–∞ Hi-Fi, Bluetooth, –†–æ–∑–µ—Ç–∫–∞ 12V, –ù–∞–≤–∏–≥–∞—Ü–∏–æ–Ω–Ω–∞—è —Å–∏—Å—Ç–µ–º–∞, Android Auto, CarPlay, –ë–µ—Å–ø—Ä–æ–≤–æ–¥–Ω–∞—è –∑–∞—Ä—è–¥–∫–∞ –¥–ª—è —Å–º–∞—Ä—Ç—Ñ–æ–Ω–∞, –ì–æ–ª–æ—Å–æ–≤–æ–µ —É–ø—Ä–∞–≤–ª–µ–Ω–∏–µ;
–°–∞–ª–æ–Ω: –õ—é–∫, –ö–æ–∂–∞ (–ú–∞—Ç–µ—Ä–∏–∞–ª —Å–∞–ª–æ–Ω–∞), –ö–æ–ª–∏—á–µ—Å—Ç–≤–æ –º–µ—Å—Ç: 8, –¶–≤–µ—Ç —Å–∞–ª–æ–Ω–∞ - –¢–µ–º–Ω—ã–π —Å–∞–ª–æ–Ω, –û–±–æ–≥—Ä–µ–≤ —Ä—É–ª–µ–≤–æ–≥–æ –∫–æ–ª–µ—Å–∞, –ü–∞–º—è—Ç—å –ø–æ–ª–æ–∂–µ–Ω–∏—è —Å–∏–¥–µ–Ω–∏–π - –ü–∞–º—è—Ç—å —Å–∏–¥–µ–Ω—å—è –≤–æ–¥–∏—Ç–µ–ª—è, –î–µ–∫–æ—Ä–∞—Ç–∏–≤–Ω—ã–µ –Ω–∞–∫–ª–∞–¥–∫–∏ –Ω–∞ –ø–µ–¥–∞–ª–∏, –¢–æ–Ω–∏—Ä–æ–≤–∞–Ω–Ω—ã–µ —Å—Ç–µ–∫–ª–∞, –ü–∞–Ω–æ—Ä–∞–º–Ω–∞—è –∫—Ä—ã—à–∞, –û—Ç–¥–µ–ª–∫–∞ –∫–æ–∂–µ–π —Ä—É–ª–µ–≤–æ–≥–æ –∫–æ–ª–µ—Å–∞, –ù–∞–∫–ª–∞–¥–∫–∏ –Ω–∞ –ø–æ—Ä–æ–≥–∏, –ü–æ–¥–æ–≥—Ä–µ–≤ –∑–∞–¥–Ω–∏—Ö —Å–∏–¥–µ–Ω–∏–π, –¢—Ä–µ—Ç–∏–π —Ä—è–¥ —Å–∏–¥–µ–Ω–∏–π, –ü–æ–¥–æ–≥—Ä–µ–≤ –ø–µ—Ä–µ–¥–Ω–∏—Ö —Å–∏–¥–µ–Ω–∏–π, –û—Ç–¥–µ–ª–∫–∞ –∫–æ–∂–µ–π —Ä—ã—á–∞–≥–∞ –ö–ü–ü, –°–∫–ª–∞–¥—ã–≤–∞—é—â–µ–µ—Å—è –∑–∞–¥–Ω–µ–µ —Å–∏–¥–µ–Ω–∏–µ, –¢—Ä–µ—Ç–∏–π –∑–∞–¥–Ω–∏–π –ø–æ–¥–≥–æ–ª–æ–≤–Ω–∏–∫, –≠–ª–µ–∫—Ç—Ä–æ—Ä–µ–≥—É–ª–∏—Ä–æ–≤–∫–∞ —Å–∏–¥–µ–Ω—å—è –≤–æ–¥–∏—Ç–µ–ª—è, –ü–µ—Ä–µ–¥–Ω–∏–π —Ü–µ–Ω—Ç—Ä–∞–ª—å–Ω—ã–π –ø–æ–¥–ª–æ–∫–æ—Ç–Ω–∏–∫, –í–µ–Ω—Ç–∏–ª—è—Ü–∏—è –ø–µ—Ä–µ–¥–Ω–∏—Ö —Å–∏–¥–µ–Ω–∏–π, –†–µ–≥—É–ª–∏—Ä–æ–≤–∫–∞ —Å–∏–¥–µ–Ω–∏–π –ø–æ –≤—ã—Å–æ—Ç–µ - –†–µ–≥—É–ª–∏—Ä–æ–≤–∫–∞ –ø–µ—Ä–µ–¥–Ω–∏—Ö —Å–∏–¥–µ–Ω–∏–π –ø–æ –≤—ã—Å–æ—Ç–µ, –≠–ª–µ–∫—Ç—Ä–æ—Ä–µ–≥—É–ª–∏—Ä–æ–≤–∫–∞ –ø–µ—Ä–µ–¥–Ω–∏—Ö —Å–∏–¥–µ–Ω–∏–π, –°–æ–ª–Ω—Ü–µ–∑–∞—â–∏—Ç–Ω–∞—è —à—Ç–æ—Ä–∫–∞ –Ω–∞ –∑–∞–¥–Ω–µ–º —Å—Ç–µ–∫–ª–µ, –°–æ–ª–Ω—Ü–µ–∑–∞—â–∏—Ç–Ω—ã–µ —à—Ç–æ—Ä–∫–∏ –≤ –∑–∞–¥–Ω–∏—Ö –¥–≤–µ—Ä—è—Ö;
–ö–æ–º—Ñ–æ—Ä—Ç: –ö–∞–º–µ—Ä–∞ 360¬∞, –ö–æ–Ω–¥–∏—Ü–∏–æ–Ω–µ—Ä - –ö–ª–∏–º–∞—Ç-–∫–æ–Ω—Ç—Ä–æ–ª—å –º–Ω–æ–≥–æ–∑–æ–Ω–Ω—ã–π, –ë–æ—Ä—Ç–æ–≤–æ–π –∫–æ–º–ø—å—é—Ç–µ—Ä, –û—Ö–ª–∞–∂–¥–∞–µ–º—ã–π –ø–µ—Ä—á–∞—Ç–æ—á–Ω—ã–π —è—â–∏–∫, –ú—É–ª—å—Ç–∏—Ñ—É–Ω–∫—Ü–∏–æ–Ω–∞–ª—å–Ω–æ–µ —Ä—É–ª–µ–≤–æ–µ –∫–æ–ª–µ—Å–æ, –≠–ª–µ–∫—Ç—Ä–æ—Å–∫–ª–∞–¥—ã–≤–∞–Ω–∏–µ –∑–µ—Ä–∫–∞–ª, –ó–∞–ø—É—Å–∫ –¥–≤–∏–≥–∞—Ç–µ–ª—è —Å –∫–Ω–æ–ø–∫–∏, –†—É–ª–µ–≤–∞—è –∫–æ–ª–æ–Ω–∫–∞ —Å –ø–∞–º—è—Ç—å—é –ø–æ–ª–æ–∂–µ–Ω–∏—è, –≠–ª–µ–∫—Ç—Ä–æ–ø—Ä–∏–≤–æ–¥ –∫—Ä—ã—à–∫–∏ –±–∞–≥–∞–∂–Ω–∏–∫–∞, –°–∏—Å—Ç–µ–º–∞ –¥–æ—Å—Ç—É–ø–∞ –±–µ–∑ –∫–ª—é—á–∞, –ü–∞—Ä–∫—Ç—Ä–æ–Ω–∏–∫ –ø–µ—Ä–µ–¥–Ω–∏–π, –ü–∞—Ä–∫—Ç—Ä–æ–Ω–∏–∫ –∑–∞–¥–Ω–∏–π, –ö—Ä—É–∏–∑-–∫–æ–Ω—Ç—Ä–æ–ª—å, –£—Å–∏–ª–∏—Ç–µ–ª—å —Ä—É–ª—è, –≠–ª–µ–∫—Ç—Ä–æ–ø—Ä–∏–≤–æ–¥ –∑–µ—Ä–∫–∞–ª, –ü—Ä–æ–µ–∫—Ü–∏–æ–Ω–Ω—ã–π –¥–∏—Å–ø–ª–µ–π, –≠–ª–µ–∫—Ç—Ä–æ—Å—Ç–µ–∫–ª–æ–ø–æ–¥—ä—ë–º–Ω–∏–∫–∏ –∑–∞–¥–Ω–∏–µ, –°–∏—Å—Ç–µ–º–∞ ¬´—Å—Ç–∞—Ä—Ç-—Å—Ç–æ–ø¬ª, –≠–ª–µ–∫—Ç—Ä–æ—Å—Ç–µ–∫–ª–æ–ø–æ–¥—ä—ë–º–Ω–∏–∫–∏ –ø–µ—Ä–µ–¥–Ω–∏–µ, –†–µ–≥—É–ª–∏—Ä–æ–≤–∫–∞ —Ä—É–ª—è –ø–æ –≤—ã—Å–æ—Ç–µ, –†–µ–≥—É–ª–∏—Ä–æ–≤–∫–∞ —Ä—É–ª—è –ø–æ –≤—ã–ª–µ—Ç—É, –ü—Ä–∏–∫—É—Ä–∏–≤–∞—Ç–µ–ª—å –∏ –ø–µ–ø–µ–ª—å–Ω–∏—Ü–∞, –ü–æ–¥—Ä—É–ª–µ–≤—ã–µ –ª–µ–ø–µ—Å—Ç–∫–∏ –ø–µ—Ä–µ–∫–ª—é—á–µ–Ω–∏—è –ø–µ—Ä–µ–¥–∞—á;
–ë–µ–∑–æ–ø–∞—Å–Ω–æ—Å—Ç—å: –ê–Ω—Ç–∏–±–ª–æ–∫–∏—Ä–æ–≤–æ—á–Ω–∞—è —Å–∏—Å—Ç–µ–º–∞ (ABS), –ê–Ω—Ç–∏–ø—Ä–æ–±—É–∫—Å–æ–≤–æ—á–Ω–∞—è —Å–∏—Å—Ç–µ–º–∞ (ASR), –°–∏—Å—Ç–µ–º–∞ –ø–æ–º–æ—â–∏ –ø—Ä–∏ —Ç–æ—Ä–º–æ–∂–µ–Ω–∏–∏, –°–∏—Å—Ç–µ–º–∞ —Å—Ç–∞–±–∏–ª–∏–∑–∞—Ü–∏–∏, –°–∏—Å—Ç–µ–º–∞ –ø–æ–º–æ—â–∏ –ø—Ä–∏ —Å—Ç–∞—Ä—Ç–µ –≤ –≥–æ—Ä—É, –ö—Ä–µ–ø–ª–µ–Ω–∏–µ –¥–ª—è –¥–µ—Ç—Å–∫–æ–≥–æ –∫—Ä–µ—Å–ª–∞ (–∑–∞–¥–Ω–∏–π —Ä—è–¥), –≠–†–ê-–ì–õ–û–ù–ê–°–°, –°–∏—Å—Ç–µ–º–∞ –∫–æ–Ω—Ç—Ä–æ–ª—è —Å–ª–µ–ø—ã—Ö –∑–æ–Ω, –ü–æ–¥—É—à–∫–∏ –±–µ–∑–æ–ø–∞—Å–Ω–æ—Å—Ç–∏ –±–æ–∫–æ–≤—ã–µ, –ö—Ä–µ–ø–ª–µ–Ω–∏–µ –¥–ª—è –¥–µ—Ç—Å–∫–æ–≥–æ –∫—Ä–µ—Å–ª–∞ (–ø–µ—Ä–µ–¥–Ω–∏–π —Ä—è–¥), –ü–æ–¥—É—à–∫–∞ –±–µ–∑–æ–ø–∞—Å–Ω–æ—Å—Ç–∏ –≤–æ–¥–∏—Ç–µ–ª—è, –î–∞—Ç—á–∏–∫ –¥–∞–≤–ª–µ–Ω–∏—è –≤ —à–∏–Ω–∞—Ö, –ü–æ–¥—É—à–∫–∞ –±–µ–∑–æ–ø–∞—Å–Ω–æ—Å—Ç–∏ –ø–∞—Å—Å–∞–∂–∏—Ä–∞, –ü–æ–¥—É—à–∫–∏ –±–µ–∑–æ–ø–∞—Å–Ω–æ—Å—Ç–∏ –±–æ–∫–æ–≤—ã–µ –∑–∞–¥–Ω–∏–µ, –°–∏—Å—Ç–µ–º–∞ –∫–æ–Ω—Ç—Ä–æ–ª—è –∑–∞ –ø–æ–ª–æ—Å–æ–π –¥–≤–∏–∂–µ–Ω–∏—è, –°–∏—Å—Ç–µ–º–∞ –ø—Ä–µ–¥–æ—Ç–≤—Ä–∞—â–µ–Ω–∏—è —Å—Ç–æ–ª–∫–Ω–æ–≤–µ–Ω–∏—è, –ë–ª–æ–∫–∏—Ä–æ–≤–∫–∞ –∑–∞–º–∫–æ–≤ –∑–∞–¥–Ω–∏—Ö –¥–≤–µ—Ä–µ–π;
–ü—Ä–æ—á–µ–µ: –ü–æ–ª–Ω–æ—Ä–∞–∑–º–µ—Ä–Ω–æ–µ –∑–∞–ø–∞—Å–Ω–æ–µ –∫–æ–ª–µ—Å–æ, –ó–∞—â–∏—Ç–∞ –∫–∞—Ä—Ç–µ—Ä–∞, –ê–∫—Ç–∏–≤–Ω–∞—è –ø–æ–¥–≤–µ—Å–∫–∞, –°–ø–æ—Ä—Ç–∏–≤–Ω–∞—è –ø–æ–¥–≤–µ—Å–∫–∞.

–ü–æ–ª—É—á–∏—Ç–µ –¥–æ–ø–æ–ª–Ω–∏—Ç–µ–ª—å–Ω—É—é —Å–∫–∏–¥–∫—É –¥–æ 300 000 —Ä—É–±–ª–µ–π –ø—Ä–∏ –ø–æ–∫—É–ø–∫–µ –∞–≤—Ç–æ–º–æ–±–∏–ª—è –≤ –∫—Ä–µ–¥–∏—Ç!

–ê–≤—Ç–æ–º–æ–±–∏–ª—å –ø—Ä–∏–≤–µ–∑—ë–Ω –∏–∑ –ö–æ—Ä–µ–∏, –±–µ–∑ –ø—Ä–æ–±–µ–≥–∞ –ø–æ –†–§.

–ö–õ–Æ–ß–ï–í–´–ï –•–ê–†–ê–ö–¢–ï–†–ò–°–¢–ò–ö–ò:
¬∑ –°–≤–µ—Ç–æ–¥–∏–æ–¥–Ω–∞—è –æ–ø—Ç–∏–∫–∞
¬∑ –ú–Ω–æ–≥–æ–∑–æ–Ω–Ω—ã–π –∫–ª–∏–º–∞—Ç-–∫–æ–Ω—Ç—Ä–æ–ª—å
¬∑ –¢—Ä–µ—Ç–∏–π —Ä—è–¥ —Å–∏–¥–µ–Ω–∏–π
¬∑ –ü–∞–Ω–æ—Ä–∞–º–Ω–∞—è –∫—Ä—ã—à–∞
¬∑ –õ—é–∫
¬∑ –ü–∞–º—è—Ç—å –ø–æ–ª–æ–∂–µ–Ω–∏—è —Å–∏–¥–µ–Ω—å—è –≤–æ–¥–∏—Ç–µ–ª—è
¬∑ –ë–µ—Å–ø—Ä–æ–≤–æ–¥–Ω–∞—è –∑–∞—Ä—è–¥–∫–∞ –¥–ª—è —Å–º–∞—Ä—Ç—Ñ–æ–Ω–∞
¬∑ –ü–µ—Ä–µ–¥–Ω–∏–µ –∏ –∑–∞–¥–Ω–∏–µ —Å–∏–¥–µ–Ω—å—è —Å –≤–µ–Ω—Ç–∏–ª—è—Ü–∏–µ–π –∏ –ø–æ–¥–æ–≥—Ä–µ–≤–æ–º –∏ –º–Ω–æ–≥–∏–µ –¥—Ä—É–≥–∏–µ –æ–ø—Ü–∏–∏!

üí°–í—Å–µ –∞–≤—Ç–æ–º–æ–±–∏–ª–∏, –ø—Ä–µ–¥—Å—Ç–∞–≤–ª–µ–Ω–Ω—ã–µ –≤ –ø—Ä–æ–¥–∞–∂–µ, –ø—Ä–æ—Ö–æ–¥—è—Ç –¥–∏–∞–≥–Ω–æ—Å—Ç–∏–∫—É –ø–æ –±–æ–ª–µ–µ 48 –ø–∞—Ä–∞–º–µ—Ç—Ä–∞–º, —Å —Ä–µ–∑—É–ª—å—Ç–∞—Ç–∞–º–∏ –¥–∏–∞–≥–Ω–æ—Å—Ç–∏–∫–∏ –í—ã –º–æ–∂–µ—Ç–µ –æ–∑–Ω–∞–∫–æ–º–∏—Ç—å—Å—è –ø—Ä–∏ –æ—Å–º–æ—Ç—Ä–µ –∞–≤—Ç–æ–º–æ–±–∏–ª—è.üí°

–ü—Ä–µ–¥–æ—Å—Ç–∞–≤–ª—è–µ–º –≥–∞—Ä–∞–Ω—Ç–∏—é —é—Ä–∏–¥–∏—á–µ—Å–∫–æ–π —á–∏—Å—Ç–æ—Ç—ã, –∞ —Ç–∞–∫ –∂–µ –≥–æ–¥ —Ç–µ—Ö–Ω–∏—á–µ—Å–∫–æ–π –≥–∞—Ä–∞–Ω—Ç–∏–∏ –Ω–∞ –¥–≤–∏–≥–∞—Ç–µ–ª—å –∏ –ö–ü–ü –≤ –ø–∏—Å—å–º–µ–Ω–Ω–æ–π —Ñ–æ—Ä–º–µ‚ùó

‚ùó –í—Å–µ –∑–∞—è–≤–ª–µ–Ω–Ω—ã–µ –∞–≤—Ç–æ–º–æ–±–∏–ª–∏ –Ω–∞—Ö–æ–¥—è—Ç—Å—è –≤ –Ω–∞–ª–∏—á–∏–∏.
‚ùó –ß–µ—Å—Ç–Ω—ã–µ —Ü–µ–Ω—ã.
‚ùó –ë–µ–∑ —Å–∫—Ä—ã—Ç—ã—Ö –∫–æ–º–∏—Å—Å–∏–π.

üî•–î–æ–ø–æ–ª–Ω–∏—Ç–µ–ª—å–Ω–∞—è —Å–∫–∏–¥–∫–∞ –¥–æ 100 000 —Ä—É–±–ª–µ–π –ø—Ä–∏ –ø–æ–∫—É–ø–∫–µ –∞/–º –ø–æ –ø—Ä–æ–≥—Ä–∞–º–º–µ Trade-In (–æ–±–º–µ–Ω –Ω–∞ –≤–∞—à –∞–≤—Ç–æ–º–æ–±–∏–ª—å)üî•
üéÅ –î–æ–ø–æ–ª–Ω–∏—Ç–µ–ª—å–Ω–∞—è –≤—ã–≥–æ–¥–∞ –ø—Ä–∏ –ø–æ–∫—É–ø–∫–µ –∞–≤—Ç–æ–º–æ–±–∏–ª—è –≤ –∫—Ä–µ–¥–∏—Ç –æ—Ç 100 —Ç—ã—Å—è—á —Ä—É–±–ª–µ–π.üéÅ *

–ü—Ä–µ–∏–º—É—â–µ—Å—Ç–≤–∞ –∞–≤—Ç–æ–∫—Ä–µ–¥–∏—Ç–æ–≤–∞–Ω–∏—è:
‚úî –°—Ç–∞–≤–∫–∞ –ø–æ –∫—Ä–µ–¥–∏—Ç—É –æ—Ç 4.9% –≥–æ–¥–æ–≤—ã—Ö;
‚úî –ü–µ—Ä–≤–æ–Ω–∞—á–∞–ª—å–Ω—ã–π –≤–∑–Ω–æ—Å –æ—Ç 0%;
‚úî –ë–æ–ª–µ–µ 23 –∫—Ä–µ–¥–∏—Ç–Ω—ã—Ö –ø—Ä–æ–≥—Ä–∞–º–º;
‚úî –ú–∏–Ω–∏–º–∞–ª—å–Ω—ã–π –ø–∞–∫–µ—Ç –¥–æ–∫—É–º–µ–Ω—Ç–æ–≤ ‚Äì –ø–∞—Å–ø–æ—Ä—Ç –∏ –≤–æ–¥. —É–¥–æ—Å—Ç–æ–≤–µ—Ä–µ–Ω–∏–µ;
‚úî –°—Ä–æ–∫ –∫—Ä–µ–¥–∏—Ç–∞ –æ—Ç 6 –º–µ—Å—è—Ü–µ–≤ –¥–æ 7 –ª–µ—Ç;
‚úî –°—É–º–º–∞ –∫—Ä–µ–¥–∏—Ç–∞ –æ—Ç 60 000 —Ä—É–±. –¥–æ 3 000 000 —Ä—É–±–ª–µ–π;
‚úî –î–æ—Å—Ä–æ—á–Ω–æ–µ –ø–æ–≥–∞—à–µ–Ω–∏–µ –±–µ–∑ —à—Ç—Ä–∞—Ñ–æ–≤ –∏ –∫–æ–º–∏—Å—Å–∏–π;
‚úî –ö–ê–°–ö–û ‚Äì –Ω–µ–æ–±—è–∑–∞—Ç–µ–ª—å–Ω–æ.

üî•–í—Ç–æ—Ä–æ–π –∫–æ–º–ø–ª–µ–∫—Ç —Ä–µ–∑–∏–Ω—ã –≤ –ø–æ–¥–∞—Ä–æ–∫üî•

–ü—Ä–∏–≥–ª–∞—à–∞–µ–º –Ω–∞ –±–µ—Å–ø–ª–∞—Ç–Ω—ã–π —Ç–µ—Å—Ç-–¥—Ä–∞–π–≤‚ùó –ë–æ–ª–µ–µ –ø–æ–¥—Ä–æ–±–Ω—É—é –∏–Ω—Ñ–æ—Ä–º–∞—Ü–∏—é –º–æ–∂–Ω–æ –ø–æ–ª—É—á–∏—Ç—å –ø–æ —É–∫–∞–∑–∞–Ω–Ω–æ–º—É –Ω–æ–º–µ—Ä—É —Ç–µ–ª–µ—Ñ–æ–Ω–∞.
*-–î–∞–Ω–Ω—ã–µ —Å–∫–∏–¥–∫–∏ –ø—Ä–∏–º–µ–Ω—è—é—Ç—Å—è –≤ –∑–∞–≤–∏—Å–∏–º–æ—Å—Ç–∏ –æ—Ç —É—Å–ª–æ–≤–∏–π –ø–æ–∫—É–ø–∫–∏. –ü–æ–¥—Ä–æ–±–Ω–æ—Å—Ç–∏ —É—Ç–æ—á–Ω—è–π—Ç–µ —É –º–µ–Ω–µ–¥–∂–µ—Ä–æ–≤ –∞–≤—Ç–æ—Å–∞–ª–æ–Ω–∞.",https://moscow.drom.ru/hyundai/palisade/50474178.html,200 –ª.—Å.,–±–µ–ª—ã–π,–ê–ö–ü–ü,–ª–µ–≤—ã–π,–ù–µ–∏–∑–≤–µ—Å—Ç–Ω–æ,–ù–µ–∏–∑–≤–µ—Å—Ç–Ω–æ,–ù–µ–∏–∑–≤–µ—Å—Ç–Ω–æ,–ù–µ–∏–∑–≤–µ—Å—Ç–Ω–æ
3,"–ü—Ä–æ–¥–∞–∂–∞ Volvo XC90, 2017 –≥–æ–¥ –≤ –ú–æ—Å–∫–≤–µ",3 249 000 ‚ÇΩ,"–¥–∏–∑–µ–ª—å, 2.0 –ª",126 833,–ù–µ–∏–∑–≤–µ—Å—Ç–Ω–æ,–°–º–æ—Ç—Ä–µ—Ç—å –≤ '–î–≤–∏–≥–∞—Ç–µ–ª—å',4WD,–ù–µ —É–∫–∞–∑–∞–Ω–æ –Ω–∞ –î—Ä–æ–º,–ú–æ—Å–∫–≤–∞ –∏ –ú–û,"–ö–û–ú–ü–õ–ï–ö–¢–ê–¶–ò–Ø
–û–±–∑–æ—Ä: –ö—Å–µ–Ω–æ–Ω–æ–≤—ã–µ/–ë–∏–∫—Å–µ–Ω–æ–Ω–æ–≤—ã–µ —Ñ–∞—Ä—ã, –î–∞—Ç—á–∏–∫ –¥–æ–∂–¥—è, –î–∞—Ç—á–∏–∫ —Å–≤–µ—Ç–∞, –≠–ª–µ–∫—Ç—Ä–æ–æ–±–æ–≥—Ä–µ–≤ –∑–µ—Ä–∫–∞–ª, –û–º—ã–≤–∞—Ç–µ–ª—å —Ñ–∞—Ä, –°–∏—Å—Ç–µ–º–∞ –∞–¥–∞–ø—Ç–∏–≤–Ω–æ–≥–æ –æ—Å–≤–µ—â–µ–Ω–∏—è, –≠–ª–µ–∫—Ç—Ä–æ–æ–±–æ–≥—Ä–µ–≤ –ª–æ–±–æ–≤–æ–≥–æ —Å—Ç–µ–∫–ª–∞, –°–∏—Å—Ç–µ–º–∞ —É–ø—Ä–∞–≤–ª–µ–Ω–∏—è –¥–∞–ª—å–Ω–∏–º —Å–≤–µ—Ç–æ–º, –≠–ª–µ–∫—Ç—Ä–æ–æ–±–æ–≥—Ä–µ–≤ —Ñ–æ—Ä—Å—É–Ω–æ–∫ —Å—Ç–µ–∫–ª–æ–æ–º—ã–≤–∞—Ç–µ–ª–µ–π;
–≠–ª–µ–º–µ–Ω—Ç—ã —ç–∫—Å—Ç–µ—Ä—å–µ—Ä–∞: –†–∞–∑–º–µ—Ä –¥–∏—Å–∫–æ–≤ - –î–∏—Å–∫–∏ 18, –†–µ–π–ª–∏–Ω–≥–∏ –Ω–∞ –∫—Ä—ã—à–µ, –¢–∏–ø –¥–∏—Å–∫–æ–≤ - –õ–µ–≥–∫–æ—Å–ø–ª–∞–≤–Ω—ã–µ –¥–∏—Å–∫–∏, –î–µ–∫–æ—Ä–∞—Ç–∏–≤–Ω—ã–µ –º–æ–ª–¥–∏–Ω–≥–∏;
–ó–∞—â–∏—Ç–∞ –æ—Ç —É–≥–æ–Ω–∞: –ò–º–º–æ–±–∏–ª–∞–π–∑–µ—Ä, –¶–µ–Ω—Ç—Ä–∞–ª—å–Ω—ã–π –∑–∞–º–æ–∫, –°–∏–≥–Ω–∞–ª–∏–∑–∞—Ü–∏—è, –î–∞—Ç—á–∏–∫ –ø—Ä–æ–Ω–∏–∫–Ω–æ–≤–µ–Ω–∏—è –≤ —Å–∞–ª–æ–Ω (–¥–∞—Ç—á–∏–∫ –æ–±—ä–µ–º–∞);
–ú—É–ª—å—Ç–∏–º–µ–¥–∏–∞: AUX, USB, –ê—É–¥–∏–æ—Å–∏—Å—Ç–µ–º–∞ Hi-Fi, Bluetooth, –†–æ–∑–µ—Ç–∫–∞ 12V, –ù–∞–≤–∏–≥–∞—Ü–∏–æ–Ω–Ω–∞—è —Å–∏—Å—Ç–µ–º–∞;
–°–∞–ª–æ–Ω: –ö–æ–∂–∞ (–ú–∞—Ç–µ—Ä–∏–∞–ª —Å–∞–ª–æ–Ω–∞), –ö–æ–ª–∏—á–µ—Å—Ç–≤–æ –º–µ—Å—Ç: 5, –¶–≤–µ—Ç —Å–∞–ª–æ–Ω–∞ - –¢–µ–º–Ω—ã–π —Å–∞–ª–æ–Ω, –ü–∞–º—è—Ç—å –ø–æ–ª–æ–∂–µ–Ω–∏—è —Å–∏–¥–µ–Ω–∏–π - –ü–∞–º—è—Ç—å –ø–µ—Ä–µ–¥–Ω–∏—Ö —Å–∏–¥–µ–Ω–∏–π, –°–ø–æ—Ä—Ç–∏–≤–Ω—ã–µ –ø–µ—Ä–µ–¥–Ω–∏–µ —Å–∏–¥–µ–Ω–∏—è, –î–µ–∫–æ—Ä–∞—Ç–∏–≤–Ω—ã–µ –Ω–∞–∫–ª–∞–¥–∫–∏ –Ω–∞ –ø–µ–¥–∞–ª–∏, –¢–æ–Ω–∏—Ä–æ–≤–∞–Ω–Ω—ã–µ —Å—Ç–µ–∫–ª–∞, –û—Ç–¥–µ–ª–∫–∞ –∫–æ–∂–µ–π —Ä—É–ª–µ–≤–æ–≥–æ –∫–æ–ª–µ—Å–∞, –ù–∞–∫–ª–∞–¥–∫–∏ –Ω–∞ –ø–æ—Ä–æ–≥–∏, –ü–æ–¥–æ–≥—Ä–µ–≤ –ø–µ—Ä–µ–¥–Ω–∏—Ö —Å–∏–¥–µ–Ω–∏–π, –û—Ç–¥–µ–ª–∫–∞ –∫–æ–∂–µ–π —Ä—ã—á–∞–≥–∞ –ö–ü–ü, –°–∫–ª–∞–¥—ã–≤–∞—é—â–µ–µ—Å—è –∑–∞–¥–Ω–µ–µ —Å–∏–¥–µ–Ω–∏–µ, –¢—Ä–µ—Ç–∏–π –∑–∞–¥–Ω–∏–π –ø–æ–¥–≥–æ–ª–æ–≤–Ω–∏–∫, –≠–ª–µ–∫—Ç—Ä–æ—Ä–µ–≥—É–ª–∏—Ä–æ–≤–∫–∞ —Å–∏–¥–µ–Ω—å—è –≤–æ–¥–∏—Ç–µ–ª—è, –ü–µ—Ä–µ–¥–Ω–∏–π —Ü–µ–Ω—Ç—Ä–∞–ª—å–Ω—ã–π –ø–æ–¥–ª–æ–∫–æ—Ç–Ω–∏–∫, –†–µ–≥—É–ª–∏—Ä–æ–≤–∫–∞ —Å–∏–¥–µ–Ω–∏–π –ø–æ –≤—ã—Å–æ—Ç–µ - –†–µ–≥—É–ª–∏—Ä–æ–≤–∫–∞ –ø–µ—Ä–µ–¥–Ω–∏—Ö —Å–∏–¥–µ–Ω–∏–π –ø–æ –≤—ã—Å–æ—Ç–µ, –≠–ª–µ–∫—Ç—Ä–æ—Ä–µ–≥—É–ª–∏—Ä–æ–≤–∫–∞ –ø–µ—Ä–µ–¥–Ω–∏—Ö —Å–∏–¥–µ–Ω–∏–π;
–ö–æ–º—Ñ–æ—Ä—Ç: –ö–∞–º–µ—Ä–∞ –∑–∞–¥–Ω—è—è, –ö–æ–Ω–¥–∏—Ü–∏–æ–Ω–µ—Ä - –ö–ª–∏–º–∞—Ç-–∫–æ–Ω—Ç—Ä–æ–ª—å 2-–∑–æ–Ω–Ω—ã–π, –ë–æ—Ä—Ç–æ–≤–æ–π –∫–æ–º–ø—å—é—Ç–µ—Ä, –û—Ö–ª–∞–∂–¥–∞–µ–º—ã–π –ø–µ—Ä—á–∞—Ç–æ—á–Ω—ã–π —è—â–∏–∫, –ú—É–ª—å—Ç–∏—Ñ—É–Ω–∫—Ü–∏–æ–Ω–∞–ª—å–Ω–æ–µ —Ä—É–ª–µ–≤–æ–µ –∫–æ–ª–µ—Å–æ, –≠–ª–µ–∫—Ç—Ä–æ—Å–∫–ª–∞–¥—ã–≤–∞–Ω–∏–µ –∑–µ—Ä–∫–∞–ª, –ó–∞–ø—É—Å–∫ –¥–≤–∏–≥–∞—Ç–µ–ª—è —Å –∫–Ω–æ–ø–∫–∏, –°–∏—Å—Ç–µ–º–∞ –¥–æ—Å—Ç—É–ø–∞ –±–µ–∑ –∫–ª—é—á–∞, –ü–∞—Ä–∫—Ç—Ä–æ–Ω–∏–∫ –∑–∞–¥–Ω–∏–π, –ö—Ä—É–∏–∑-–∫–æ–Ω—Ç—Ä–æ–ª—å, –ê–∫—Ç–∏–≤–Ω—ã–π —É—Å–∏–ª–∏—Ç–µ–ª—å —Ä—É–ª—è, –≠–ª–µ–∫—Ç—Ä–æ–ø—Ä–∏–≤–æ–¥ –∑–µ—Ä–∫–∞–ª, –≠–ª–µ–∫—Ç—Ä–æ—Å—Ç–µ–∫–ª–æ–ø–æ–¥—ä—ë–º–Ω–∏–∫–∏ –∑–∞–¥–Ω–∏–µ, –°–∏—Å—Ç–µ–º–∞ ¬´—Å—Ç–∞—Ä—Ç-—Å—Ç–æ–ø¬ª, –≠–ª–µ–∫—Ç—Ä–æ—Å—Ç–µ–∫–ª–æ–ø–æ–¥—ä—ë–º–Ω–∏–∫–∏ –ø–µ—Ä–µ–¥–Ω–∏–µ, –†–µ–≥—É–ª–∏—Ä–æ–≤–∫–∞ —Ä—É–ª—è –ø–æ –≤—ã—Å–æ—Ç–µ, –†–µ–≥—É–ª–∏—Ä–æ–≤–∫–∞ —Ä—É–ª—è –ø–æ –≤—ã–ª–µ—Ç—É, –≠–ª–µ–∫—Ç—Ä–æ–Ω–Ω–∞—è –ø—Ä–∏–±–æ—Ä–Ω–∞—è –ø–∞–Ω–µ–ª—å, –ü—Ä–æ–≥—Ä–∞–º–º–∏—Ä—É–µ–º—ã–π –ø—Ä–µ–¥–ø—É—Å–∫–æ–≤–æ–π –æ—Ç–æ–ø–∏—Ç–µ–ª—å, –ü—Ä–∏–∫—É—Ä–∏–≤–∞—Ç–µ–ª—å –∏ –ø–µ–ø–µ–ª—å–Ω–∏—Ü–∞;
–ë–µ–∑–æ–ø–∞—Å–Ω–æ—Å—Ç—å: –ê–Ω—Ç–∏–±–ª–æ–∫–∏—Ä–æ–≤–æ—á–Ω–∞—è —Å–∏—Å—Ç–µ–º–∞ (ABS), –ê–Ω—Ç–∏–ø—Ä–æ–±—É–∫—Å–æ–≤–æ—á–Ω–∞—è —Å–∏—Å—Ç–µ–º–∞ (ASR), –°–∏—Å—Ç–µ–º–∞ –ø–æ–º–æ—â–∏ –ø—Ä–∏ —Ç–æ—Ä–º–æ–∂–µ–Ω–∏–∏, –°–∏—Å—Ç–µ–º–∞ —Å—Ç–∞–±–∏–ª–∏–∑–∞—Ü–∏–∏, –°–∏—Å—Ç–µ–º–∞ –ø–æ–º–æ—â–∏ –ø—Ä–∏ —Å—Ç–∞—Ä—Ç–µ –≤ –≥–æ—Ä—É, –ö—Ä–µ–ø–ª–µ–Ω–∏–µ –¥–ª—è –¥–µ—Ç—Å–∫–æ–≥–æ –∫—Ä–µ—Å–ª–∞ (–∑–∞–¥–Ω–∏–π —Ä—è–¥), –ü–æ–¥—É—à–∫–∏ –±–µ–∑–æ–ø–∞—Å–Ω–æ—Å—Ç–∏ –±–æ–∫–æ–≤—ã–µ, –ü–æ–¥—É—à–∫–∞ –±–µ–∑–æ–ø–∞—Å–Ω–æ—Å—Ç–∏ –¥–ª—è –∑–∞—â–∏—Ç—ã –∫–æ–ª–µ–Ω–µ–π –≤–æ–¥–∏—Ç–µ–ª—è, –ü–æ–¥—É—à–∫–∞ –±–µ–∑–æ–ø–∞—Å–Ω–æ—Å—Ç–∏ –≤–æ–¥–∏—Ç–µ–ª—è, –î–∞—Ç—á–∏–∫ –¥–∞–≤–ª–µ–Ω–∏—è –≤ —à–∏–Ω–∞—Ö, –ü–æ–¥—É—à–∫–∏ –±–µ–∑–æ–ø–∞—Å–Ω–æ—Å—Ç–∏ –æ–∫–æ–Ω–Ω—ã–µ (—à—Ç–æ—Ä–∫–∏), –ü–æ–¥—É—à–∫–∞ –±–µ–∑–æ–ø–∞—Å–Ω–æ—Å—Ç–∏ –ø–∞—Å—Å–∞–∂–∏—Ä–∞, –ü–æ–¥—É—à–∫–∏ –±–µ–∑–æ–ø–∞—Å–Ω–æ—Å—Ç–∏ –±–æ–∫–æ–≤—ã–µ –∑–∞–¥–Ω–∏–µ, –°–∏—Å—Ç–µ–º–∞ –∫–æ–Ω—Ç—Ä–æ–ª—è –∑–∞ –ø–æ–ª–æ—Å–æ–π –¥–≤–∏–∂–µ–Ω–∏—è, –°–∏—Å—Ç–µ–º–∞ –ø—Ä–µ–¥–æ—Ç–≤—Ä–∞—â–µ–Ω–∏—è —Å—Ç–æ–ª–∫–Ω–æ–≤–µ–Ω–∏—è, –ë–ª–æ–∫–∏—Ä–æ–≤–∫–∞ –∑–∞–º–∫–æ–≤ –∑–∞–¥–Ω–∏—Ö –¥–≤–µ—Ä–µ–π;
–ü—Ä–æ—á–µ–µ: –ü–æ–ª–Ω–æ—Ä–∞–∑–º–µ—Ä–Ω–æ–µ –∑–∞–ø–∞—Å–Ω–æ–µ –∫–æ–ª–µ—Å–æ, –ó–∞—â–∏—Ç–∞ –∫–∞—Ä—Ç–µ—Ä–∞, –ê–∫—Ç–∏–≤–Ω–∞—è –ø–æ–¥–≤–µ—Å–∫–∞.

–ü–æ–ª—É—á–∏—Ç–µ –¥–æ–ø–æ–ª–Ω–∏—Ç–µ–ª—å–Ω—É—é —Å–∫–∏–¥–∫—É –¥–æ 300 000 —Ä—É–±–ª–µ–π –ø—Ä–∏ –ø–æ–∫—É–ø–∫–µ –∞–≤—Ç–æ–º–æ–±–∏–ª—è –≤ –∫—Ä–µ–¥–∏—Ç.

–ê–≤—Ç–æ–º–æ–±–∏–ª—å –≤ –æ—Ç–ª–∏—á–Ω–æ–º —Å–æ—Å—Ç–æ—è–Ω–∏–∏. –í –æ–¥–Ω–æ–π —Å–µ–º—å–µ. –ë–æ–≥–∞—Ç–∞—è –∫–æ–º–ø–ª–µ–∫—Ç–∞—Ü–∏—è: Hi-Fi —Å—Ç–µ—Ä–µ–æ, –Ω–∞–≤–∏–≥–∞—Ü–∏—è, —Å–µ–Ω—Å–æ—Ä–Ω—ã–π –º–æ–Ω–∏—Ç–æ—Ä, –ø–∞–º—è—Ç—å —Å–∏–¥–µ–Ω–∏–π, –∫–ª–∏–º–∞—Ç –∫–æ–Ω—Ç—Ä–æ–ª—å, –∞–¥–∞–ø—Ç–∏–≤–Ω—ã–π –∫—Ä—É–∏–∑, –ø–æ–¥—Å—Ç–∞–≤–∫–∞ –¥–ª—è –Ω–æ–≥, –∫–∞–º–µ—Ä–∞ –∑–∞–¥–Ω–µ–≥–æ –≤–∏–¥–∞, –º–Ω–æ–≥–æ—á–∏—Å–ª–µ–Ω–Ω—ã–µ —Å–∏—Å—Ç–µ–º—ã –±–µ–∑–æ–ø–∞—Å–Ω–æ—Å—Ç–∏. –û–±—Å–ª—É–∂–µ–Ω —É –æ—Ñ–∏—Ü–∏–∞–ª—å–Ω–æ–≥–æ –¥–∏–ª–µ—Ä–∞. –ù–µ —Ç—Ä–µ–±—É–µ—Ç –¥–æ–ø–æ–ª–Ω–∏—Ç–µ–ª—å–Ω—ã—Ö –≤–ª–æ–∂–µ–Ω–∏–π.

üí°–í—Å–µ –∞–≤—Ç–æ–º–æ–±–∏–ª–∏, –ø—Ä–µ–¥—Å—Ç–∞–≤–ª–µ–Ω–Ω—ã–µ –≤ –ø—Ä–æ–¥–∞–∂–µ, –ø—Ä–æ—Ö–æ–¥—è—Ç –¥–∏–∞–≥–Ω–æ—Å—Ç–∏–∫—É –ø–æ –±–æ–ª–µ–µ 48 –ø–∞—Ä–∞–º–µ—Ç—Ä–∞–º, —Å —Ä–µ–∑—É–ª—å—Ç–∞—Ç–∞–º–∏ –¥–∏–∞–≥–Ω–æ—Å—Ç–∏–∫–∏ –í—ã –º–æ–∂–µ—Ç–µ –æ–∑–Ω–∞–∫–æ–º–∏—Ç—å—Å—è –ø—Ä–∏ –æ—Å–º–æ—Ç—Ä–µ –∞–≤—Ç–æ–º–æ–±–∏–ª—è.üí°

–ü—Ä–µ–¥–æ—Å—Ç–∞–≤–ª—è–µ–º –≥–∞—Ä–∞–Ω—Ç–∏—é —é—Ä–∏–¥–∏—á–µ—Å–∫–æ–π —á–∏—Å—Ç–æ—Ç—ã, –∞ —Ç–∞–∫ –∂–µ –≥–æ–¥ —Ç–µ—Ö–Ω–∏—á–µ—Å–∫–æ–π –≥–∞—Ä–∞–Ω—Ç–∏–∏ –Ω–∞ –¥–≤–∏–≥–∞—Ç–µ–ª—å –∏ –ö–ü–ü –≤ –ø–∏—Å—å–º–µ–Ω–Ω–æ–π —Ñ–æ—Ä–º–µ‚ùó

‚ùó –í—Å–µ –∑–∞—è–≤–ª–µ–Ω–Ω—ã–µ –∞–≤—Ç–æ–º–æ–±–∏–ª–∏ –Ω–∞—Ö–æ–¥—è—Ç—Å—è –≤ –Ω–∞–ª–∏—á–∏–∏.
‚ùó –ß–µ—Å—Ç–Ω—ã–µ —Ü–µ–Ω—ã.
‚ùó –ë–µ–∑ —Å–∫—Ä—ã—Ç—ã—Ö –∫–æ–º–∏—Å—Å–∏–π.

üî•–î–æ–ø–æ–ª–Ω–∏—Ç–µ–ª—å–Ω–∞—è —Å–∫–∏–¥–∫–∞ –¥–æ 100 000 —Ä—É–±–ª–µ–π –ø—Ä–∏ –ø–æ–∫—É–ø–∫–µ –∞/–º –ø–æ –ø—Ä–æ–≥—Ä–∞–º–º–µ Trade-In (–æ–±–º–µ–Ω –Ω–∞ –≤–∞—à –∞–≤—Ç–æ–º–æ–±–∏–ª—å)üî•
üéÅ –î–æ–ø–æ–ª–Ω–∏—Ç–µ–ª—å–Ω–∞—è –≤—ã–≥–æ–¥–∞ –ø—Ä–∏ –ø–æ–∫—É–ø–∫–µ –∞–≤—Ç–æ–º–æ–±–∏–ª—è –≤ –∫—Ä–µ–¥–∏—Ç –æ—Ç 100 —Ç—ã—Å—è—á —Ä—É–±–ª–µ–π.üéÅ *

–ü—Ä–µ–∏–º—É—â–µ—Å—Ç–≤–∞ –∞–≤—Ç–æ–∫—Ä–µ–¥–∏—Ç–æ–≤–∞–Ω–∏—è:
‚úî –°—Ç–∞–≤–∫–∞ –ø–æ –∫—Ä–µ–¥–∏—Ç—É –æ—Ç 4.9% –≥–æ–¥–æ–≤—ã—Ö;
‚úî –ü–µ—Ä–≤–æ–Ω–∞—á–∞–ª—å–Ω—ã–π –≤–∑–Ω–æ—Å –æ—Ç 0%;
‚úî –ë–æ–ª–µ–µ 23 –∫—Ä–µ–¥–∏—Ç–Ω—ã—Ö –ø—Ä–æ–≥—Ä–∞–º–º;
‚úî –ú–∏–Ω–∏–º–∞–ª—å–Ω—ã–π –ø–∞–∫–µ—Ç –¥–æ–∫—É–º–µ–Ω—Ç–æ–≤ ‚Äì –ø–∞—Å–ø–æ—Ä—Ç –∏ –≤–æ–¥. —É–¥–æ—Å—Ç–æ–≤–µ—Ä–µ–Ω–∏–µ;
‚úî –°—Ä–æ–∫ –∫—Ä–µ–¥–∏—Ç–∞ –æ—Ç 6 –º–µ—Å—è—Ü–µ–≤ –¥–æ 7 –ª–µ—Ç;
‚úî –°—É–º–º–∞ –∫—Ä–µ–¥–∏—Ç–∞ –æ—Ç 60 000 —Ä—É–±. –¥–æ 3 000 000 —Ä—É–±–ª–µ–π;
‚úî –î–æ—Å—Ä–æ—á–Ω–æ–µ –ø–æ–≥–∞—à–µ–Ω–∏–µ –±–µ–∑ —à—Ç—Ä–∞—Ñ–æ–≤ –∏ –∫–æ–º–∏—Å—Å–∏–π;
‚úî –ö–ê–°–ö–û ‚Äì –Ω–µ–æ–±—è–∑–∞—Ç–µ–ª—å–Ω–æ.

üî•–í—Ç–æ—Ä–æ–π –∫–æ–º–ø–ª–µ–∫—Ç —Ä–µ–∑–∏–Ω—ã –≤ –ø–æ–¥–∞—Ä–æ–∫üî•

–ü—Ä–∏–≥–ª–∞—à–∞–µ–º –Ω–∞ –±–µ—Å–ø–ª–∞—Ç–Ω—ã–π —Ç–µ—Å—Ç-–¥—Ä–∞–π–≤‚ùó –ë–æ–ª–µ–µ –ø–æ–¥—Ä–æ–±–Ω—É—é –∏–Ω—Ñ–æ—Ä–º–∞—Ü–∏—é –º–æ–∂–Ω–æ –ø–æ–ª—É—á–∏—Ç—å –ø–æ —É–∫–∞–∑–∞–Ω–Ω–æ–º—É –Ω–æ–º–µ—Ä—É —Ç–µ–ª–µ—Ñ–æ–Ω–∞.
*-–î–∞–Ω–Ω—ã–µ —Å–∫–∏–¥–∫–∏ –ø—Ä–∏–º–µ–Ω—è—é—Ç—Å—è –≤ –∑–∞–≤–∏—Å–∏–º–æ—Å—Ç–∏ –æ—Ç —É—Å–ª–æ–≤–∏–π –ø–æ–∫—É–ø–∫–∏. –ü–æ–¥—Ä–æ–±–Ω–æ—Å—Ç–∏ —É—Ç–æ—á–Ω—è–π—Ç–µ —É –º–µ–Ω–µ–¥–∂–µ—Ä–æ–≤ –∞–≤—Ç–æ—Å–∞–ª–æ–Ω–∞.",https://moscow.drom.ru/volvo/xc90/50177376.html,235 –ª.—Å.,–±–µ–∂–µ–≤—ã–π,–ê–ö–ü–ü,–ª–µ–≤—ã–π,–•–∞—Ä–∞–∫—Ç–µ—Ä–∏—Å—Ç–∏–∫–∏ —Å–æ–≤–ø–∞–¥–∞—é—Ç —Å –ü–¢–°,2 –∑–∞–ø–∏—Å–∏ –æ —Ä–µ–≥–∏—Å—Ç—Ä–∞—Ü–∏–∏,–ù–µ —á–∏—Å–ª–∏—Ç—Å—è –≤ —Ä–æ–∑—ã—Å–∫–µ,–û–≥—Ä–∞–Ω–∏—á–µ–Ω–∏–π –Ω–µ –æ–±–Ω–∞—Ä—É–∂–µ–Ω–æ
4,"–ü—Ä–æ–¥–∞–∂–∞ Mazda CX-5, 2020 –≥–æ–¥ –≤ –ú–æ—Å–∫–≤–µ",2 349 000 ‚ÇΩ,"–±–µ–Ω–∑–∏–Ω, 2.5 –ª",47 623,–ù–µ–∏–∑–≤–µ—Å—Ç–Ω–æ,–°–º–æ—Ç—Ä–µ—Ç—å –≤ '–î–≤–∏–≥–∞—Ç–µ–ª—å',4WD,–ù–µ —É–∫–∞–∑–∞–Ω–æ –Ω–∞ –î—Ä–æ–º,–ú–æ—Å–∫–≤–∞ –∏ –ú–û,"–ö–û–ú–ü–õ–ï–ö–¢–ê–¶–ò–Ø
–û–±–∑–æ—Ä: –ü—Ä–æ—Ç–∏–≤–æ—Ç—É–º–∞–Ω–Ω—ã–µ —Ñ–∞—Ä—ã, –°–≤–µ—Ç–æ–¥–∏–æ–¥–Ω—ã–µ —Ñ–∞—Ä—ã, –î–∞—Ç—á–∏–∫ –¥–æ–∂–¥—è, –î–∞—Ç—á–∏–∫ —Å–≤–µ—Ç–∞, –≠–ª–µ–∫—Ç—Ä–æ–æ–±–æ–≥—Ä–µ–≤ –∑–µ—Ä–∫–∞–ª, –≠–ª–µ–∫—Ç—Ä–æ–æ–±–æ–≥—Ä–µ–≤ –∑–æ–Ω—ã —Å—Ç–µ–∫–ª–æ–æ—á–∏—Å—Ç–∏—Ç–µ–ª–µ–π, –≠–ª–µ–∫—Ç—Ä–æ–æ–±–æ–≥—Ä–µ–≤ —Ñ–æ—Ä—Å—É–Ω–æ–∫ —Å—Ç–µ–∫–ª–æ–æ–º—ã–≤–∞—Ç–µ–ª–µ–π;
–≠–ª–µ–º–µ–Ω—Ç—ã —ç–∫—Å—Ç–µ—Ä—å–µ—Ä–∞: –†–∞–∑–º–µ—Ä –¥–∏—Å–∫–æ–≤ - –î–∏—Å–∫–∏ 18, –¢–∏–ø –¥–∏—Å–∫–æ–≤ - –õ–µ–≥–∫–æ—Å–ø–ª–∞–≤–Ω—ã–µ –¥–∏—Å–∫–∏, –î–µ–∫–æ—Ä–∞—Ç–∏–≤–Ω—ã–µ –º–æ–ª–¥–∏–Ω–≥–∏;
–ó–∞—â–∏—Ç–∞ –æ—Ç —É–≥–æ–Ω–∞: –ò–º–º–æ–±–∏–ª–∞–π–∑–µ—Ä, –¶–µ–Ω—Ç—Ä–∞–ª—å–Ω—ã–π –∑–∞–º–æ–∫, –°–∏–≥–Ω–∞–ª–∏–∑–∞—Ü–∏—è, –î–∞—Ç—á–∏–∫ –ø—Ä–æ–Ω–∏–∫–Ω–æ–≤–µ–Ω–∏—è –≤ —Å–∞–ª–æ–Ω (–¥–∞—Ç—á–∏–∫ –æ–±—ä–µ–º–∞);
–ú—É–ª—å—Ç–∏–º–µ–¥–∏–∞: AUX, USB, –ê—É–¥–∏–æ—Å–∏—Å—Ç–µ–º–∞, Bluetooth, –†–æ–∑–µ—Ç–∫–∞ 12V, –ù–∞–≤–∏–≥–∞—Ü–∏–æ–Ω–Ω–∞—è —Å–∏—Å—Ç–µ–º–∞, –ì–æ–ª–æ—Å–æ–≤–æ–µ —É–ø—Ä–∞–≤–ª–µ–Ω–∏–µ;
–°–∞–ª–æ–Ω: –ö–æ–º–±–∏–Ω–∏—Ä–æ–≤–∞–Ω–Ω—ã–π (–ú–∞—Ç–µ—Ä–∏–∞–ª —Å–∞–ª–æ–Ω–∞), –ö–æ–ª–∏—á–µ—Å—Ç–≤–æ –º–µ—Å—Ç: 5, –¶–≤–µ—Ç —Å–∞–ª–æ–Ω–∞ - –¢–µ–º–Ω—ã–π —Å–∞–ª–æ–Ω, –¢–æ–Ω–∏—Ä–æ–≤–∞–Ω–Ω—ã–µ —Å—Ç–µ–∫–ª–∞, –û—Ç–¥–µ–ª–∫–∞ –∫–æ–∂–µ–π —Ä—É–ª–µ–≤–æ–≥–æ –∫–æ–ª–µ—Å–∞, –ù–∞–∫–ª–∞–¥–∫–∏ –Ω–∞ –ø–æ—Ä–æ–≥–∏, –ü–æ–¥–æ–≥—Ä–µ–≤ –ø–µ—Ä–µ–¥–Ω–∏—Ö —Å–∏–¥–µ–Ω–∏–π, –û—Ç–¥–µ–ª–∫–∞ –∫–æ–∂–µ–π —Ä—ã—á–∞–≥–∞ –ö–ü–ü, –°–∫–ª–∞–¥—ã–≤–∞—é—â–µ–µ—Å—è –∑–∞–¥–Ω–µ–µ —Å–∏–¥–µ–Ω–∏–µ, –¢—Ä–µ—Ç–∏–π –∑–∞–¥–Ω–∏–π –ø–æ–¥–≥–æ–ª–æ–≤–Ω–∏–∫, –≠–ª–µ–∫—Ç—Ä–æ—Ä–µ–≥—É–ª–∏—Ä–æ–≤–∫–∞ —Å–∏–¥–µ–Ω—å—è –≤–æ–¥–∏—Ç–µ–ª—è, –ü–µ—Ä–µ–¥–Ω–∏–π —Ü–µ–Ω—Ç—Ä–∞–ª—å–Ω—ã–π –ø–æ–¥–ª–æ–∫–æ—Ç–Ω–∏–∫, –†–µ–≥—É–ª–∏—Ä–æ–≤–∫–∞ —Å–∏–¥–µ–Ω–∏–π –ø–æ –≤—ã—Å–æ—Ç–µ - –†–µ–≥—É–ª–∏—Ä–æ–≤–∫–∞ –ø–µ—Ä–µ–¥–Ω–∏—Ö —Å–∏–¥–µ–Ω–∏–π –ø–æ –≤—ã—Å–æ—Ç–µ, –≠–ª–µ–∫—Ç—Ä–æ—Ä–µ–≥—É–ª–∏—Ä–æ–≤–∫–∞ –ø–µ—Ä–µ–¥–Ω–∏—Ö —Å–∏–¥–µ–Ω–∏–π;
–ö–æ–º—Ñ–æ—Ä—Ç: –ö–∞–º–µ—Ä–∞ –∑–∞–¥–Ω—è—è, –ö–æ–Ω–¥–∏—Ü–∏–æ–Ω–µ—Ä - –ö–ª–∏–º–∞—Ç-–∫–æ–Ω—Ç—Ä–æ–ª—å 2-–∑–æ–Ω–Ω—ã–π, –ë–æ—Ä—Ç–æ–≤–æ–π –∫–æ–º–ø—å—é—Ç–µ—Ä, –û—Ö–ª–∞–∂–¥–∞–µ–º—ã–π –ø–µ—Ä—á–∞—Ç–æ—á–Ω—ã–π —è—â–∏–∫, –ú—É–ª—å—Ç–∏—Ñ—É–Ω–∫—Ü–∏–æ–Ω–∞–ª—å–Ω–æ–µ —Ä—É–ª–µ–≤–æ–µ –∫–æ–ª–µ—Å–æ, –≠–ª–µ–∫—Ç—Ä–æ—Å–∫–ª–∞–¥—ã–≤–∞–Ω–∏–µ –∑–µ—Ä–∫–∞–ª, –ó–∞–ø—É—Å–∫ –¥–≤–∏–≥–∞—Ç–µ–ª—è —Å –∫–Ω–æ–ø–∫–∏, –°–∏—Å—Ç–µ–º–∞ –¥–æ—Å—Ç—É–ø–∞ –±–µ–∑ –∫–ª—é—á–∞, –ö—Ä—É–∏–∑-–∫–æ–Ω—Ç—Ä–æ–ª—å, –£—Å–∏–ª–∏—Ç–µ–ª—å —Ä—É–ª—è, –≠–ª–µ–∫—Ç—Ä–æ–ø—Ä–∏–≤–æ–¥ –∑–µ—Ä–∫–∞–ª, –≠–ª–µ–∫—Ç—Ä–æ—Å—Ç–µ–∫–ª–æ–ø–æ–¥—ä—ë–º–Ω–∏–∫–∏ –∑–∞–¥–Ω–∏–µ, –≠–ª–µ–∫—Ç—Ä–æ—Å—Ç–µ–∫–ª–æ–ø–æ–¥—ä—ë–º–Ω–∏–∫–∏ –ø–µ—Ä–µ–¥–Ω–∏–µ, –†–µ–≥—É–ª–∏—Ä–æ–≤–∫–∞ —Ä—É–ª—è –ø–æ –≤—ã—Å–æ—Ç–µ, –†–µ–≥—É–ª–∏—Ä–æ–≤–∫–∞ —Ä—É–ª—è –ø–æ –≤—ã–ª–µ—Ç—É, –ü—Ä–∏–∫—É—Ä–∏–≤–∞—Ç–µ–ª—å –∏ –ø–µ–ø–µ–ª—å–Ω–∏—Ü–∞;
–ë–µ–∑–æ–ø–∞—Å–Ω–æ—Å—Ç—å: –ê–Ω—Ç–∏–±–ª–æ–∫–∏—Ä–æ–≤–æ—á–Ω–∞—è —Å–∏—Å—Ç–µ–º–∞ (ABS), –ê–Ω—Ç–∏–ø—Ä–æ–±—É–∫—Å–æ–≤–æ—á–Ω–∞—è —Å–∏—Å—Ç–µ–º–∞ (ASR), –°–∏—Å—Ç–µ–º–∞ –ø–æ–º–æ—â–∏ –ø—Ä–∏ —Ç–æ—Ä–º–æ–∂–µ–Ω–∏–∏, –°–∏—Å—Ç–µ–º–∞ —Å—Ç–∞–±–∏–ª–∏–∑–∞—Ü–∏–∏, –°–∏—Å—Ç–µ–º–∞ –ø–æ–º–æ—â–∏ –ø—Ä–∏ —Å—Ç–∞—Ä—Ç–µ –≤ –≥–æ—Ä—É, –ö—Ä–µ–ø–ª–µ–Ω–∏–µ –¥–ª—è –¥–µ—Ç—Å–∫–æ–≥–æ –∫—Ä–µ—Å–ª–∞ (–∑–∞–¥–Ω–∏–π —Ä—è–¥), –ü–æ–¥—É—à–∫–∏ –±–µ–∑–æ–ø–∞—Å–Ω–æ—Å—Ç–∏ –±–æ–∫–æ–≤—ã–µ, –ö—Ä–µ–ø–ª–µ–Ω–∏–µ –¥–ª—è –¥–µ—Ç—Å–∫–æ–≥–æ –∫—Ä–µ—Å–ª–∞ (–ø–µ—Ä–µ–¥–Ω–∏–π —Ä—è–¥), –ü–æ–¥—É—à–∫–∞ –±–µ–∑–æ–ø–∞—Å–Ω–æ—Å—Ç–∏ –≤–æ–¥–∏—Ç–µ–ª—è, –î–∞—Ç—á–∏–∫ –¥–∞–≤–ª–µ–Ω–∏—è –≤ —à–∏–Ω–∞—Ö, –ü–æ–¥—É—à–∫–∏ –±–µ–∑–æ–ø–∞—Å–Ω–æ—Å—Ç–∏ –æ–∫–æ–Ω–Ω—ã–µ (—à—Ç–æ—Ä–∫–∏), –ü–æ–¥—É—à–∫–∞ –±–µ–∑–æ–ø–∞—Å–Ω–æ—Å—Ç–∏ –ø–∞—Å—Å–∞–∂–∏—Ä–∞, –ü–æ–¥—É—à–∫–∏ –±–µ–∑–æ–ø–∞—Å–Ω–æ—Å—Ç–∏ –±–æ–∫–æ–≤—ã–µ –∑–∞–¥–Ω–∏–µ, –ë–ª–æ–∫–∏—Ä–æ–≤–∫–∞ –∑–∞–º–∫–æ–≤ –∑–∞–¥–Ω–∏—Ö –¥–≤–µ—Ä–µ–π;
–ü—Ä–æ—á–µ–µ: –ü–æ–ª–Ω–æ—Ä–∞–∑–º–µ—Ä–Ω–æ–µ –∑–∞–ø–∞—Å–Ω–æ–µ –∫–æ–ª–µ—Å–æ, –ó–∞—â–∏—Ç–∞ –∫–∞—Ä—Ç–µ—Ä–∞.

–ü–æ–ª—É—á–∏—Ç–µ –¥–æ–ø–æ–ª–Ω–∏—Ç–µ–ª—å–Ω—É—é —Å–∫–∏–¥–∫—É –¥–æ 300 000 —Ä—É–±–ª–µ–π –ø—Ä–∏ –ø–æ–∫—É–ø–∫–µ –∞–≤—Ç–æ–º–æ–±–∏–ª—è –≤ –∫—Ä–µ–¥–∏—Ç!

üí°–í—Å–µ –∞–≤—Ç–æ–º–æ–±–∏–ª–∏, –ø—Ä–µ–¥—Å—Ç–∞–≤–ª–µ–Ω–Ω—ã–µ –≤ –ø—Ä–æ–¥–∞–∂–µ, –ø—Ä–æ—Ö–æ–¥—è—Ç –¥–∏–∞–≥–Ω–æ—Å—Ç–∏–∫—É –ø–æ –±–æ–ª–µ–µ 48 –ø–∞—Ä–∞–º–µ—Ç—Ä–∞–º, —Å —Ä–µ–∑—É–ª—å—Ç–∞—Ç–∞–º–∏ –¥–∏–∞–≥–Ω–æ—Å—Ç–∏–∫–∏ –í—ã –º–æ–∂–µ—Ç–µ –æ–∑–Ω–∞–∫–æ–º–∏—Ç—å—Å—è –ø—Ä–∏ –æ—Å–º–æ—Ç—Ä–µ –∞–≤—Ç–æ–º–æ–±–∏–ª—è.üí°

–ü—Ä–µ–¥–æ—Å—Ç–∞–≤–ª—è–µ–º –≥–∞—Ä–∞–Ω—Ç–∏—é —é—Ä–∏–¥–∏—á–µ—Å–∫–æ–π —á–∏—Å—Ç–æ—Ç—ã, –∞ —Ç–∞–∫ –∂–µ –≥–æ–¥ —Ç–µ—Ö–Ω–∏—á–µ—Å–∫–æ–π –≥–∞—Ä–∞–Ω—Ç–∏–∏ –Ω–∞ –¥–≤–∏–≥–∞—Ç–µ–ª—å –∏ –ö–ü–ü –≤ –ø–∏—Å—å–º–µ–Ω–Ω–æ–π —Ñ–æ—Ä–º–µ‚ùó

‚ùó –í—Å–µ –∑–∞—è–≤–ª–µ–Ω–Ω—ã–µ –∞–≤—Ç–æ–º–æ–±–∏–ª–∏ –Ω–∞—Ö–æ–¥—è—Ç—Å—è –≤ –Ω–∞–ª–∏—á–∏–∏.
‚ùó –ß–µ—Å—Ç–Ω—ã–µ —Ü–µ–Ω—ã.
‚ùó –ë–µ–∑ —Å–∫—Ä—ã—Ç—ã—Ö –∫–æ–º–∏—Å—Å–∏–π.

üî•–î–æ–ø–æ–ª–Ω–∏—Ç–µ–ª—å–Ω–∞—è —Å–∫–∏–¥–∫–∞ –¥–æ 100 000 —Ä—É–±–ª–µ–π –ø—Ä–∏ –ø–æ–∫—É–ø–∫–µ –∞/–º –ø–æ –ø—Ä–æ–≥—Ä–∞–º–º–µ Trade-In (–æ–±–º–µ–Ω –Ω–∞ –≤–∞—à –∞–≤—Ç–æ–º–æ–±–∏–ª—å)üî•
üéÅ –î–æ–ø–æ–ª–Ω–∏—Ç–µ–ª—å–Ω–∞—è –≤—ã–≥–æ–¥–∞ –ø—Ä–∏ –ø–æ–∫—É–ø–∫–µ –∞–≤—Ç–æ–º–æ–±–∏–ª—è –≤ –∫—Ä–µ–¥–∏—Ç –æ—Ç 100 —Ç—ã—Å—è—á —Ä—É–±–ª–µ–π.üéÅ *

–ü—Ä–µ–∏–º—É—â–µ—Å—Ç–≤–∞ –∞–≤—Ç–æ–∫—Ä–µ–¥–∏—Ç–æ–≤–∞–Ω–∏—è:
‚úî –°—Ç–∞–≤–∫–∞ –ø–æ –∫—Ä–µ–¥–∏—Ç—É –æ—Ç 4.9% –≥–æ–¥–æ–≤—ã—Ö;
‚úî –ü–µ—Ä–≤–æ–Ω–∞—á–∞–ª—å–Ω—ã–π –≤–∑–Ω–æ—Å –æ—Ç 0%;
‚úî –ë–æ–ª–µ–µ 23 –∫—Ä–µ–¥–∏—Ç–Ω—ã—Ö –ø—Ä–æ–≥—Ä–∞–º–º;
‚úî –ú–∏–Ω–∏–º–∞–ª—å–Ω—ã–π –ø–∞–∫–µ—Ç –¥–æ–∫—É–º–µ–Ω—Ç–æ–≤ ‚Äì –ø–∞—Å–ø–æ—Ä—Ç –∏ –≤–æ–¥. —É–¥–æ—Å—Ç–æ–≤–µ—Ä–µ–Ω–∏–µ;
‚úî –°—Ä–æ–∫ –∫—Ä–µ–¥–∏—Ç–∞ –æ—Ç 6 –º–µ—Å—è—Ü–µ–≤ –¥–æ 7 –ª–µ—Ç;
‚úî –°—É–º–º–∞ –∫—Ä–µ–¥–∏—Ç–∞ –æ—Ç 60 000 —Ä—É–±. –¥–æ 3 000 000 —Ä—É–±–ª–µ–π;
‚úî –î–æ—Å—Ä–æ—á–Ω–æ–µ –ø–æ–≥–∞—à–µ–Ω–∏–µ –±–µ–∑ —à—Ç—Ä–∞—Ñ–æ–≤ –∏ –∫–æ–º–∏—Å—Å–∏–π;
‚úî –ö–ê–°–ö–û ‚Äì –Ω–µ–æ–±—è–∑–∞—Ç–µ–ª—å–Ω–æ.

üî•–í—Ç–æ—Ä–æ–π –∫–æ–º–ø–ª–µ–∫—Ç —Ä–µ–∑–∏–Ω—ã –≤ –ø–æ–¥–∞—Ä–æ–∫üî•

–ü—Ä–∏–≥–ª–∞—à–∞–µ–º –Ω–∞ –±–µ—Å–ø–ª–∞—Ç–Ω—ã–π —Ç–µ—Å—Ç-–¥—Ä–∞–π–≤‚ùó –ë–æ–ª–µ–µ –ø–æ–¥—Ä–æ–±–Ω—É—é –∏–Ω—Ñ–æ—Ä–º–∞—Ü–∏—é –º–æ–∂–Ω–æ –ø–æ–ª—É—á–∏—Ç—å –ø–æ —É–∫–∞–∑–∞–Ω–Ω–æ–º—É –Ω–æ–º–µ—Ä—É —Ç–µ–ª–µ—Ñ–æ–Ω–∞.
*-–î–∞–Ω–Ω—ã–µ —Å–∫–∏–¥–∫–∏ –ø—Ä–∏–º–µ–Ω—è—é—Ç—Å—è –≤ –∑–∞–≤–∏—Å–∏–º–æ—Å—Ç–∏ –æ—Ç —É—Å–ª–æ–≤–∏–π –ø–æ–∫—É–ø–∫–∏. –ü–æ–¥—Ä–æ–±–Ω–æ—Å—Ç–∏ —É—Ç–æ—á–Ω—è–π—Ç–µ —É –º–µ–Ω–µ–¥–∂–µ—Ä–æ–≤ –∞–≤—Ç–æ—Å–∞–ª–æ–Ω–∞.",https://moscow.drom.ru/mazda/cx-5/50378702.html,194 –ª.—Å.,–±–µ–ª—ã–π,–ê–ö–ü–ü,–ª–µ–≤—ã–π,–•–∞—Ä–∞–∫—Ç–µ—Ä–∏—Å—Ç–∏–∫–∏ —Å–æ–≤–ø–∞–¥–∞—é—Ç —Å –ü–¢–°,1 –∑–∞–ø–∏—Å—å –æ —Ä–µ–≥–∏—Å—Ç—Ä–∞—Ü–∏–∏,–ù–µ —á–∏—Å–ª–∏—Ç—Å—è –≤ —Ä–æ–∑—ã—Å–∫–µ,–û–≥—Ä–∞–Ω–∏—á–µ–Ω–∏–π –Ω–µ –æ–±–Ω–∞—Ä—É–∂–µ–Ω–æ
5,"–ü—Ä–æ–¥–∞–∂–∞ SsangYong Actyon, 2013 –≥–æ–¥ –≤ –ú–æ—Å–∫–≤–µ",849 000 ‚ÇΩ,"–¥–∏–∑–µ–ª—å, 2.0 –ª",139 347,–ù–µ–∏–∑–≤–µ—Å—Ç–Ω–æ,–°–º–æ—Ç—Ä–µ—Ç—å –≤ '–î–≤–∏–≥–∞—Ç–µ–ª—å',–ø–µ—Ä–µ–¥–Ω–∏–π,–ù–µ —É–∫–∞–∑–∞–Ω–æ –Ω–∞ –î—Ä–æ–º,–ú–æ—Å–∫–≤–∞ –∏ –ú–û,"–ö–û–ú–ü–õ–ï–ö–¢–ê–¶–ò–Ø
–û–±–∑–æ—Ä: –ö—Å–µ–Ω–æ–Ω–æ–≤—ã–µ/–ë–∏–∫—Å–µ–Ω–æ–Ω–æ–≤—ã–µ —Ñ–∞—Ä—ã, –≠–ª–µ–∫—Ç—Ä–æ–æ–±–æ–≥—Ä–µ–≤ —Ñ–æ—Ä—Å—É–Ω–æ–∫ —Å—Ç–µ–∫–ª–æ–æ–º—ã–≤–∞—Ç–µ–ª–µ–π;
–≠–ª–µ–º–µ–Ω—Ç—ã —ç–∫—Å—Ç–µ—Ä—å–µ—Ä–∞: –†–∞–∑–º–µ—Ä –¥–∏—Å–∫–æ–≤ - –î–∏—Å–∫–∏ 17, –¢–∏–ø –¥–∏—Å–∫–æ–≤ - –õ–µ–≥–∫–æ—Å–ø–ª–∞–≤–Ω—ã–µ –¥–∏—Å–∫–∏;
–ó–∞—â–∏—Ç–∞ –æ—Ç —É–≥–æ–Ω–∞: –ò–º–º–æ–±–∏–ª–∞–π–∑–µ—Ä, –¶–µ–Ω—Ç—Ä–∞–ª—å–Ω—ã–π –∑–∞–º–æ–∫, –°–∏–≥–Ω–∞–ª–∏–∑–∞—Ü–∏—è, –î–∞—Ç—á–∏–∫ –ø—Ä–æ–Ω–∏–∫–Ω–æ–≤–µ–Ω–∏—è –≤ —Å–∞–ª–æ–Ω (–¥–∞—Ç—á–∏–∫ –æ–±—ä–µ–º–∞);
–ú—É–ª—å—Ç–∏–º–µ–¥–∏–∞: AUX, USB, –ê—É–¥–∏–æ—Å–∏—Å—Ç–µ–º–∞ - –ê—É–¥–∏–æ–ø–æ–¥–≥–æ—Ç–æ–≤–∫–∞, –†–æ–∑–µ—Ç–∫–∞ 12V;
–°–∞–ª–æ–Ω: –¢–∫–∞–Ω—å (–ú–∞—Ç–µ—Ä–∏–∞–ª —Å–∞–ª–æ–Ω–∞), –ö–æ–ª–∏—á–µ—Å—Ç–≤–æ –º–µ—Å—Ç: 5, –¶–≤–µ—Ç —Å–∞–ª–æ–Ω–∞ - –¢–µ–º–Ω—ã–π —Å–∞–ª–æ–Ω, –û—Ç–¥–µ–ª–∫–∞ –∫–æ–∂–µ–π —Ä—É–ª–µ–≤–æ–≥–æ –∫–æ–ª–µ—Å–∞, –ù–∞–∫–ª–∞–¥–∫–∏ –Ω–∞ –ø–æ—Ä–æ–≥–∏, –ü–æ–¥–æ–≥—Ä–µ–≤ –ø–µ—Ä–µ–¥–Ω–∏—Ö —Å–∏–¥–µ–Ω–∏–π, –û—Ç–¥–µ–ª–∫–∞ –∫–æ–∂–µ–π —Ä—ã—á–∞–≥–∞ –ö–ü–ü, –°–∫–ª–∞–¥—ã–≤–∞—é—â–µ–µ—Å—è –∑–∞–¥–Ω–µ–µ —Å–∏–¥–µ–Ω–∏–µ, –¢—Ä–µ—Ç–∏–π –∑–∞–¥–Ω–∏–π –ø–æ–¥–≥–æ–ª–æ–≤–Ω–∏–∫, –ü–µ—Ä–µ–¥–Ω–∏–π —Ü–µ–Ω—Ç—Ä–∞–ª—å–Ω—ã–π –ø–æ–¥–ª–æ–∫–æ—Ç–Ω–∏–∫, –†–µ–≥—É–ª–∏—Ä–æ–≤–∫–∞ —Å–∏–¥–µ–Ω–∏–π –ø–æ –≤—ã—Å–æ—Ç–µ - –†–µ–≥—É–ª–∏—Ä–æ–≤–∫–∞ –ø–µ—Ä–µ–¥–Ω–∏—Ö —Å–∏–¥–µ–Ω–∏–π –ø–æ –≤—ã—Å–æ—Ç–µ;
–ö–æ–º—Ñ–æ—Ä—Ç: –ö–∞–º–µ—Ä–∞ –∑–∞–¥–Ω—è—è, –ö–æ–Ω–¥–∏—Ü–∏–æ–Ω–µ—Ä, –ë–æ—Ä—Ç–æ–≤–æ–π –∫–æ–º–ø—å—é—Ç–µ—Ä, –û—Ö–ª–∞–∂–¥–∞–µ–º—ã–π –ø–µ—Ä—á–∞—Ç–æ—á–Ω—ã–π —è—â–∏–∫, –ú—É–ª—å—Ç–∏—Ñ—É–Ω–∫—Ü–∏–æ–Ω–∞–ª—å–Ω–æ–µ —Ä—É–ª–µ–≤–æ–µ –∫–æ–ª–µ—Å–æ, –≠–ª–µ–∫—Ç—Ä–æ—Å–∫–ª–∞–¥—ã–≤–∞–Ω–∏–µ –∑–µ—Ä–∫–∞–ª, –£—Å–∏–ª–∏—Ç–µ–ª—å —Ä—É–ª—è, –≠–ª–µ–∫—Ç—Ä–æ–ø—Ä–∏–≤–æ–¥ –∑–µ—Ä–∫–∞–ª, –≠–ª–µ–∫—Ç—Ä–æ—Å—Ç–µ–∫–ª–æ–ø–æ–¥—ä—ë–º–Ω–∏–∫–∏ –∑–∞–¥–Ω–∏–µ, –≠–ª–µ–∫—Ç—Ä–æ—Å—Ç–µ–∫–ª–æ–ø–æ–¥—ä—ë–º–Ω–∏–∫–∏ –ø–µ—Ä–µ–¥–Ω–∏–µ, –†–µ–≥—É–ª–∏—Ä–æ–≤–∫–∞ —Ä—É–ª—è –ø–æ –≤—ã—Å–æ—Ç–µ, –ü—Ä–∏–∫—É—Ä–∏–≤–∞—Ç–µ–ª—å –∏ –ø–µ–ø–µ–ª—å–Ω–∏—Ü–∞, –ü–æ–¥—Ä—É–ª–µ–≤—ã–µ –ª–µ–ø–µ—Å—Ç–∫–∏ –ø–µ—Ä–µ–∫–ª—é—á–µ–Ω–∏—è –ø–µ—Ä–µ–¥–∞—á;
–ë–µ–∑–æ–ø–∞—Å–Ω–æ—Å—Ç—å: –ê–Ω—Ç–∏–±–ª–æ–∫–∏—Ä–æ–≤–æ—á–Ω–∞—è —Å–∏—Å—Ç–µ–º–∞ (ABS), –ê–Ω—Ç–∏–ø—Ä–æ–±—É–∫—Å–æ–≤–æ—á–Ω–∞—è —Å–∏—Å—Ç–µ–º–∞ (ASR), –°–∏—Å—Ç–µ–º–∞ —Å—Ç–∞–±–∏–ª–∏–∑–∞—Ü–∏–∏, –ö—Ä–µ–ø–ª–µ–Ω–∏–µ –¥–ª—è –¥–µ—Ç—Å–∫–æ–≥–æ –∫—Ä–µ—Å–ª–∞ (–∑–∞–¥–Ω–∏–π —Ä—è–¥), –ü–æ–¥—É—à–∫–∏ –±–µ–∑–æ–ø–∞—Å–Ω–æ—Å—Ç–∏ –±–æ–∫–æ–≤—ã–µ, –ö—Ä–µ–ø–ª–µ–Ω–∏–µ –¥–ª—è –¥–µ—Ç—Å–∫–æ–≥–æ –∫—Ä–µ—Å–ª–∞ (–ø–µ—Ä–µ–¥–Ω–∏–π —Ä—è–¥), –ü–æ–¥—É—à–∫–∞ –±–µ–∑–æ–ø–∞—Å–Ω–æ—Å—Ç–∏ –≤–æ–¥–∏—Ç–µ–ª—è, –ü–æ–¥—É—à–∫–∞ –±–µ–∑–æ–ø–∞—Å–Ω–æ—Å—Ç–∏ –ø–∞—Å—Å–∞–∂–∏—Ä–∞, –ë–ª–æ–∫–∏—Ä–æ–≤–∫–∞ –∑–∞–º–∫–æ–≤ –∑–∞–¥–Ω–∏—Ö –¥–≤–µ—Ä–µ–π;
–ü—Ä–æ—á–µ–µ: –ü–æ–ª–Ω–æ—Ä–∞–∑–º–µ—Ä–Ω–æ–µ –∑–∞–ø–∞—Å–Ω–æ–µ –∫–æ–ª–µ—Å–æ, –ó–∞—â–∏—Ç–∞ –∫–∞—Ä—Ç–µ—Ä–∞.

–ü–æ–ª—É—á–∏—Ç–µ –¥–æ–ø–æ–ª–Ω–∏—Ç–µ–ª—å–Ω—É—é —Å–∫–∏–¥–∫—É –¥–æ 50 000 —Ä—É–±–ª–µ–π –ø—Ä–∏ –ø–æ–∫—É–ø–∫–µ –∞–≤—Ç–æ–º–æ–±–∏–ª—è –≤ –∫—Ä–µ–¥–∏—Ç!

‚ùó –í—Å–µ –∑–∞—è–≤–ª–µ–Ω–Ω—ã–µ –∞–≤—Ç–æ–º–æ–±–∏–ª–∏ –Ω–∞—Ö–æ–¥—è—Ç—Å—è –≤ –Ω–∞–ª–∏—á–∏–∏.
‚ùó –ß–µ—Å—Ç–Ω—ã–µ —Ü–µ–Ω—ã.
‚ùó –ë–µ–∑ —Å–∫—Ä—ã—Ç—ã—Ö –∫–æ–º–∏—Å—Å–∏–π.
‚ùó –í—ã–≥–æ–¥–∞ –ø–æ –ø—Ä–æ–≥—Ä–∞–º–º–µ Trade-In –¥–æ 100 —Ç—ã—Å—è—á —Ä—É–±–ª–µ–π. *



–£—Å–ª–æ–≤–∏—è –ø—Ä–∏ –ø–æ–∫—É–ø–∫–µ –∞–≤—Ç–æ–º–æ–±–∏–ª—è –≤ –∫—Ä–µ–¥–∏—Ç:

–°—Ç–∞–≤–∫–∞ –æ—Ç 4.9% –≥–æ–¥–æ–≤—ã—Ö;
–ü–µ—Ä–≤–æ–Ω–∞—á–∞–ª—å–Ω—ã–π –≤–∑–Ω–æ—Å –æ—Ç 0%;
–û—Ñ–æ—Ä–º–ª–µ–Ω–∏–µ –ø–æ –¥–≤—É–º –¥–æ–∫—É–º–µ–Ω—Ç–∞–º;
–°—Ä–æ–∫ –∫—Ä–µ–¥–∏—Ç–æ–≤–∞–Ω–∏—è –æ—Ç 6 –º–µ—Å—è—Ü–µ–≤ –¥–æ 7 –ª–µ—Ç;
–ë–µ–∑ –æ—Ñ–æ—Ä–º–ª–µ–Ω–∏—è –ö–ê–°–ö–û;

–ü—Ä–∏ –ø–æ–∫—É–ø–∫–µ –∞–≤—Ç–æ–º–æ–±–∏–ª—è –∫–∞–∂–¥—ã–π –∫–ª–∏–µ–Ω—Ç –ø–æ–ª—É—á–∞–µ—Ç –ø–æ–¥–∞—Ä–æ–∫ –Ω–∞ –≤—ã–±–æ—Ä:

üî• –ö–æ–º–ø–ª–µ–∫—Ç —Ä–µ–∑–∏–Ω—ã.
üî• –ü–æ–ª–Ω–æ–µ –∫–æ–º–ø–ª–µ–∫—Å–Ω–æ–µ –¢–û.
üî• –°—Ç—Ä–∞—Ö–æ–≤–æ–π –ø–æ–ª–∏—Å –û–°–ê–ì–û —Å—Ä–æ–∫–æ–º –Ω–∞ 3 –º–µ—Å—è—Ü–∞.

–ü—Ä–∏–≥–ª–∞—à–∞–µ–º –Ω–∞ –±–µ—Å–ø–ª–∞—Ç–Ω—ã–π —Ç–µ—Å—Ç-–¥—Ä–∞–π–≤! –ü–æ–¥—Ä–æ–±–Ω—É—é –∏–Ω—Ñ–æ—Ä–º–∞—Ü–∏—é –º–æ–∂–Ω–æ –ø–æ–ª—É—á–∏—Ç—å —É —Å–ø–µ—Ü–∏–∞–ª–∏—Å—Ç–æ–≤ –∞–≤—Ç–æ—Ü–µ–Ω—Ç—Ä–∞ –ø–æ —Ç–µ–ª–µ—Ñ–æ–Ω—É.
–ú—ã —Ä–∞–±–æ—Ç–∞–µ–º –¥–æ –ø–æ—Å–ª–µ–¥–Ω–µ–≥–æ –∫–ª–∏–µ–Ω—Ç–∞.

* –î–∞–Ω–Ω—ã–µ —Å–∫–∏–¥–∫–∏ –ø—Ä–∏–º–µ–Ω—è—é—Ç—Å—è –≤ –∑–∞–≤–∏—Å–∏–º–æ—Å—Ç–∏ –æ—Ç —É—Å–ª–æ–≤–∏–π –ø–æ–∫—É–ø–∫–∏. –í—Å–µ –ø–æ–¥—Ä–æ–±–Ω–æ—Å—Ç–∏ —É—Ç–æ—á–Ω—è–π—Ç–µ —É –º–µ–Ω–µ–¥–∂–µ—Ä–æ–≤ –∞–≤—Ç–æ—Å–∞–ª–æ–Ω–∞.",https://moscow.drom.ru/ssang_yong/actyon/50289651.html,149 –ª.—Å.,–±–µ–ª—ã–π,–ê–ö–ü–ü,–ª–µ–≤—ã–π,–•–∞—Ä–∞–∫—Ç–µ—Ä–∏—Å—Ç–∏–∫–∏ —Å–æ–≤–ø–∞–¥–∞—é—Ç —Å –ü–¢–°,1 –∑–∞–ø–∏—Å—å –æ —Ä–µ–≥–∏—Å—Ç—Ä–∞—Ü–∏–∏,–ù–µ —á–∏—Å–ª–∏—Ç—Å—è –≤ —Ä–æ–∑—ã—Å–∫–µ,–û–≥—Ä–∞–Ω–∏—á–µ–Ω–∏–π –Ω–µ –æ–±–Ω–∞—Ä—É–∂–µ–Ω–æ
6,"–ü—Ä–æ–¥–∞–∂–∞ Mercedes-Benz GL-Class, 2012 –≥–æ–¥ –≤ –ú–æ—Å–∫–≤–µ",2 399 000 ‚ÇΩ,"–±–µ–Ω–∑–∏–Ω, 4.7 –ª",139 174,–ù–µ–∏–∑–≤–µ—Å—Ç–Ω–æ,–°–º–æ—Ç—Ä–µ—Ç—å –≤ '–î–≤–∏–≥–∞—Ç–µ–ª—å',4WD,–ù–µ —É–∫–∞–∑–∞–Ω–æ –Ω–∞ –î—Ä–æ–º,–ú–æ—Å–∫–≤–∞ –∏ –ú–û,"–ö–û–ú–ü–õ–ï–ö–¢–ê–¶–ò–Ø
–û–±–∑–æ—Ä: –ü—Ä–æ—Ç–∏–≤–æ—Ç—É–º–∞–Ω–Ω—ã–µ —Ñ–∞—Ä—ã, –°–≤–µ—Ç–æ–¥–∏–æ–¥–Ω—ã–µ —Ñ–∞—Ä—ã, –î–∞—Ç—á–∏–∫ –¥–æ–∂–¥—è, –î–∞—Ç—á–∏–∫ —Å–≤–µ—Ç–∞, –≠–ª–µ–∫—Ç—Ä–æ–æ–±–æ–≥—Ä–µ–≤ –∑–µ—Ä–∫–∞–ª, –û–º—ã–≤–∞—Ç–µ–ª—å —Ñ–∞—Ä, –°–∏—Å—Ç–µ–º–∞ –∞–¥–∞–ø—Ç–∏–≤–Ω–æ–≥–æ –æ—Å–≤–µ—â–µ–Ω–∏—è, –≠–ª–µ–∫—Ç—Ä–æ–æ–±–æ–≥—Ä–µ–≤ –ª–æ–±–æ–≤–æ–≥–æ —Å—Ç–µ–∫–ª–∞, –≠–ª–µ–∫—Ç—Ä–æ–æ–±–æ–≥—Ä–µ–≤ –∑–æ–Ω—ã —Å—Ç–µ–∫–ª–æ–æ—á–∏—Å—Ç–∏—Ç–µ–ª–µ–π, –≠–ª–µ–∫—Ç—Ä–æ–æ–±–æ–≥—Ä–µ–≤ —Ñ–æ—Ä—Å—É–Ω–æ–∫ —Å—Ç–µ–∫–ª–æ–æ–º—ã–≤–∞—Ç–µ–ª–µ–π, –ê–≤—Ç–æ–º–∞—Ç–∏—á–µ—Å–∫–∏–π –∫–æ—Ä—Ä–µ–∫—Ç–æ—Ä —Ñ–∞—Ä;
–≠–ª–µ–º–µ–Ω—Ç—ã —ç–∫—Å—Ç–µ—Ä—å–µ—Ä–∞: –†–∞–∑–º–µ—Ä –¥–∏—Å–∫–æ–≤ - –î–∏—Å–∫–∏ 20, –†–µ–π–ª–∏–Ω–≥–∏ –Ω–∞ –∫—Ä—ã—à–µ, –¢–∏–ø –¥–∏—Å–∫–æ–≤ - –õ–µ–≥–∫–æ—Å–ø–ª–∞–≤–Ω—ã–µ –¥–∏—Å–∫–∏, –î–µ–∫–æ—Ä–∞—Ç–∏–≤–Ω—ã–µ –º–æ–ª–¥–∏–Ω–≥–∏;
–ó–∞—â–∏—Ç–∞ –æ—Ç —É–≥–æ–Ω–∞: –ò–º–º–æ–±–∏–ª–∞–π–∑–µ—Ä, –¶–µ–Ω—Ç—Ä–∞–ª—å–Ω—ã–π –∑–∞–º–æ–∫, –°–∏–≥–Ω–∞–ª–∏–∑–∞—Ü–∏—è, –î–∞—Ç—á–∏–∫ –ø—Ä–æ–Ω–∏–∫–Ω–æ–≤–µ–Ω–∏—è –≤ —Å–∞–ª–æ–Ω (–¥–∞—Ç—á–∏–∫ –æ–±—ä–µ–º–∞);
–ú—É–ª—å—Ç–∏–º–µ–¥–∏–∞: AUX, USB, –ê—É–¥–∏–æ—Å–∏—Å—Ç–µ–º–∞ Hi-Fi, Bluetooth, –†–æ–∑–µ—Ç–∫–∞ 12V, –ù–∞–≤–∏–≥–∞—Ü–∏–æ–Ω–Ω–∞—è —Å–∏—Å—Ç–µ–º–∞, –ì–æ–ª–æ—Å–æ–≤–æ–µ —É–ø—Ä–∞–≤–ª–µ–Ω–∏–µ, –ú—É–ª—å—Ç–∏–º–µ–¥–∏–∞ —Å–∏—Å—Ç–µ–º–∞ –¥–ª—è –∑–∞–¥–Ω–∏—Ö –ø–∞—Å—Å–∞–∂–∏—Ä–æ–≤;
–°–∞–ª–æ–Ω: –õ—é–∫, –ö–æ–∂–∞ (–ú–∞—Ç–µ—Ä–∏–∞–ª —Å–∞–ª–æ–Ω–∞), –ö–æ–ª–∏—á–µ—Å—Ç–≤–æ –º–µ—Å—Ç: 7, –¶–≤–µ—Ç —Å–∞–ª–æ–Ω–∞ - –¢–µ–º–Ω—ã–π —Å–∞–ª–æ–Ω, –û—Ç–¥–µ–ª–∫–∞ –ø–æ—Ç–æ–ª–∫–∞ —á–µ—Ä–Ω–æ–π —Ç–∫–∞–Ω—å—é, –ü–∞–º—è—Ç—å –ø–æ–ª–æ–∂–µ–Ω–∏—è —Å–∏–¥–µ–Ω–∏–π - –ü–∞–º—è—Ç—å –ø–µ—Ä–µ–¥–Ω–∏—Ö —Å–∏–¥–µ–Ω–∏–π, –î–µ–∫–æ—Ä–∞—Ç–∏–≤–Ω—ã–µ –Ω–∞–∫–ª–∞–¥–∫–∏ –Ω–∞ –ø–µ–¥–∞–ª–∏, –¢–æ–Ω–∏—Ä–æ–≤–∞–Ω–Ω—ã–µ —Å—Ç–µ–∫–ª–∞, –ü–∞–Ω–æ—Ä–∞–º–Ω–∞—è –∫—Ä—ã—à–∞, –û—Ç–¥–µ–ª–∫–∞ –∫–æ–∂–µ–π —Ä—É–ª–µ–≤–æ–≥–æ –∫–æ–ª–µ—Å–∞, –ù–∞–∫–ª–∞–¥–∫–∏ –Ω–∞ –ø–æ—Ä–æ–≥–∏, –ü–æ–¥–æ–≥—Ä–µ–≤ –∑–∞–¥–Ω–∏—Ö —Å–∏–¥–µ–Ω–∏–π, –¢—Ä–µ—Ç–∏–π —Ä—è–¥ —Å–∏–¥–µ–Ω–∏–π, –ü–æ–¥–æ–≥—Ä–µ–≤ –ø–µ—Ä–µ–¥–Ω–∏—Ö —Å–∏–¥–µ–Ω–∏–π, –°–∫–ª–∞–¥—ã–≤–∞—é—â–µ–µ—Å—è –∑–∞–¥–Ω–µ–µ —Å–∏–¥–µ–Ω–∏–µ, –¢—Ä–µ—Ç–∏–π –∑–∞–¥–Ω–∏–π –ø–æ–¥–≥–æ–ª–æ–≤–Ω–∏–∫, –≠–ª–µ–∫—Ç—Ä–æ—Ä–µ–≥—É–ª–∏—Ä–æ–≤–∫–∞ —Å–∏–¥–µ–Ω—å—è –≤–æ–¥–∏—Ç–µ–ª—è, –ü–µ—Ä–µ–¥–Ω–∏–π —Ü–µ–Ω—Ç—Ä–∞–ª—å–Ω—ã–π –ø–æ–¥–ª–æ–∫–æ—Ç–Ω–∏–∫, –í–µ–Ω—Ç–∏–ª—è—Ü–∏—è –ø–µ—Ä–µ–¥–Ω–∏—Ö —Å–∏–¥–µ–Ω–∏–π, –†–µ–≥—É–ª–∏—Ä–æ–≤–∫–∞ —Å–∏–¥–µ–Ω–∏–π –ø–æ –≤—ã—Å–æ—Ç–µ - –†–µ–≥—É–ª–∏—Ä–æ–≤–∫–∞ –ø–µ—Ä–µ–¥–Ω–∏—Ö —Å–∏–¥–µ–Ω–∏–π –ø–æ –≤—ã—Å–æ—Ç–µ, –≠–ª–µ–∫—Ç—Ä–æ—Ä–µ–≥—É–ª–∏—Ä–æ–≤–∫–∞ –ø–µ—Ä–µ–¥–Ω–∏—Ö —Å–∏–¥–µ–Ω–∏–π, –°–æ–ª–Ω—Ü–µ–∑–∞—â–∏—Ç–Ω—ã–µ —à—Ç–æ—Ä–∫–∏ –≤ –∑–∞–¥–Ω–∏—Ö –¥–≤–µ—Ä—è—Ö;
–ö–æ–º—Ñ–æ—Ä—Ç: –ö–∞–º–µ—Ä–∞ 360¬∞, –ö–æ–Ω–¥–∏—Ü–∏–æ–Ω–µ—Ä - –ö–ª–∏–º–∞—Ç-–∫–æ–Ω—Ç—Ä–æ–ª—å –º–Ω–æ–≥–æ–∑–æ–Ω–Ω—ã–π, –ë–æ—Ä—Ç–æ–≤–æ–π –∫–æ–º–ø—å—é—Ç–µ—Ä, –û—Ö–ª–∞–∂–¥–∞–µ–º—ã–π –ø–µ—Ä—á–∞—Ç–æ—á–Ω—ã–π —è—â–∏–∫, –ú—É–ª—å—Ç–∏—Ñ—É–Ω–∫—Ü–∏–æ–Ω–∞–ª—å–Ω–æ–µ —Ä—É–ª–µ–≤–æ–µ –∫–æ–ª–µ—Å–æ, –≠–ª–µ–∫—Ç—Ä–æ—Å–∫–ª–∞–¥—ã–≤–∞–Ω–∏–µ –∑–µ—Ä–∫–∞–ª, –ó–∞–ø—É—Å–∫ –¥–≤–∏–≥–∞—Ç–µ–ª—è —Å –∫–Ω–æ–ø–∫–∏, –≠–ª–µ–∫—Ç—Ä–æ–ø—Ä–∏–≤–æ–¥ –∫—Ä—ã—à–∫–∏ –±–∞–≥–∞–∂–Ω–∏–∫–∞, –°–∏—Å—Ç–µ–º–∞ –¥–æ—Å—Ç—É–ø–∞ –±–µ–∑ –∫–ª—é—á–∞, –ü–∞—Ä–∫—Ç—Ä–æ–Ω–∏–∫ –ø–µ—Ä–µ–¥–Ω–∏–π, –ü–∞—Ä–∫—Ç—Ä–æ–Ω–∏–∫ –∑–∞–¥–Ω–∏–π, –ö—Ä—É–∏–∑-–∫–æ–Ω—Ç—Ä–æ–ª—å, –ê–∫—Ç–∏–≤–Ω—ã–π —É—Å–∏–ª–∏—Ç–µ–ª—å —Ä—É–ª—è, –≠–ª–µ–∫—Ç—Ä–æ–ø—Ä–∏–≤–æ–¥ –∑–µ—Ä–∫–∞–ª, –≠–ª–µ–∫—Ç—Ä–æ—Ä–µ–≥—É–ª–∏—Ä–æ–≤–∫–∞ —Ä—É–ª—è, –≠–ª–µ–∫—Ç—Ä–æ—Å—Ç–µ–∫–ª–æ–ø–æ–¥—ä—ë–º–Ω–∏–∫–∏ –∑–∞–¥–Ω–∏–µ, –≠–ª–µ–∫—Ç—Ä–æ—Å—Ç–µ–∫–ª–æ–ø–æ–¥—ä—ë–º–Ω–∏–∫–∏ –ø–µ—Ä–µ–¥–Ω–∏–µ, –î–æ–≤–æ–¥—á–∏–∫ –¥–≤–µ—Ä–µ–π, –†–µ–≥—É–ª–∏—Ä–æ–≤–∫–∞ —Ä—É–ª—è –ø–æ –≤—ã—Å–æ—Ç–µ, –†–µ–≥—É–ª–∏—Ä–æ–≤–∫–∞ —Ä—É–ª—è –ø–æ –≤—ã–ª–µ—Ç—É, –ü—Ä–∏–∫—É—Ä–∏–≤–∞—Ç–µ–ª—å –∏ –ø–µ–ø–µ–ª—å–Ω–∏—Ü–∞, –ü–æ–¥—Ä—É–ª–µ–≤—ã–µ –ª–µ–ø–µ—Å—Ç–∫–∏ –ø–µ—Ä–µ–∫–ª—é—á–µ–Ω–∏—è –ø–µ—Ä–µ–¥–∞—á;
–ë–µ–∑–æ–ø–∞—Å–Ω–æ—Å—Ç—å: –ê–Ω—Ç–∏–±–ª–æ–∫–∏—Ä–æ–≤–æ—á–Ω–∞—è —Å–∏—Å—Ç–µ–º–∞ (ABS), –ê–Ω—Ç–∏–ø—Ä–æ–±—É–∫—Å–æ–≤–æ—á–Ω–∞—è —Å–∏—Å—Ç–µ–º–∞ (ASR), –°–∏—Å—Ç–µ–º–∞ –ø–æ–º–æ—â–∏ –ø—Ä–∏ —Ç–æ—Ä–º–æ–∂–µ–Ω–∏–∏, –°–∏—Å—Ç–µ–º–∞ —Å—Ç–∞–±–∏–ª–∏–∑–∞—Ü–∏–∏, –°–∏—Å—Ç–µ–º–∞ –ø–æ–º–æ—â–∏ –ø—Ä–∏ —Å—Ç–∞—Ä—Ç–µ –≤ –≥–æ—Ä—É, –ö—Ä–µ–ø–ª–µ–Ω–∏–µ –¥–ª—è –¥–µ—Ç—Å–∫–æ–≥–æ –∫—Ä–µ—Å–ª–∞ (–∑–∞–¥–Ω–∏–π —Ä—è–¥), –°–∏—Å—Ç–µ–º–∞ –∫–æ–Ω—Ç—Ä–æ–ª—è —Å–ª–µ–ø—ã—Ö –∑–æ–Ω, –ü–æ–¥—É—à–∫–∏ –±–µ–∑–æ–ø–∞—Å–Ω–æ—Å—Ç–∏ –±–æ–∫–æ–≤—ã–µ, –ü–æ–¥—É—à–∫–∞ –±–µ–∑–æ–ø–∞—Å–Ω–æ—Å—Ç–∏ –¥–ª—è –∑–∞—â–∏—Ç—ã –∫–æ–ª–µ–Ω–µ–π –≤–æ–¥–∏—Ç–µ–ª—è, –ö—Ä–µ–ø–ª–µ–Ω–∏–µ –¥–ª—è –¥–µ—Ç—Å–∫–æ–≥–æ –∫—Ä–µ—Å–ª–∞ (–ø–µ—Ä–µ–¥–Ω–∏–π —Ä—è–¥), –ü–æ–¥—É—à–∫–∞ –±–µ–∑–æ–ø–∞—Å–Ω–æ—Å—Ç–∏ –≤–æ–¥–∏—Ç–µ–ª—è, –î–∞—Ç—á–∏–∫ –¥–∞–≤–ª–µ–Ω–∏—è –≤ —à–∏–Ω–∞—Ö, –ü–æ–¥—É—à–∫–∏ –±–µ–∑–æ–ø–∞—Å–Ω–æ—Å—Ç–∏ –æ–∫–æ–Ω–Ω—ã–µ (—à—Ç–æ—Ä–∫–∏), –ü–æ–¥—É—à–∫–∞ –±–µ–∑–æ–ø–∞—Å–Ω–æ—Å—Ç–∏ –ø–∞—Å—Å–∞–∂–∏—Ä–∞, –ü–æ–¥—É—à–∫–∏ –±–µ–∑–æ–ø–∞—Å–Ω–æ—Å—Ç–∏ –±–æ–∫–æ–≤—ã–µ –∑–∞–¥–Ω–∏–µ, –°–∏—Å—Ç–µ–º–∞ –ø—Ä–µ–¥–æ—Ç–≤—Ä–∞—â–µ–Ω–∏—è —Å—Ç–æ–ª–∫–Ω–æ–≤–µ–Ω–∏—è, –ë–ª–æ–∫–∏—Ä–æ–≤–∫–∞ –∑–∞–º–∫–æ–≤ –∑–∞–¥–Ω–∏—Ö –¥–≤–µ—Ä–µ–π;
–ü—Ä–æ—á–µ–µ: –ü–æ–ª–Ω–æ—Ä–∞–∑–º–µ—Ä–Ω–æ–µ –∑–∞–ø–∞—Å–Ω–æ–µ –∫–æ–ª–µ—Å–æ, –ó–∞—â–∏—Ç–∞ –∫–∞—Ä—Ç–µ—Ä–∞, –ü–Ω–µ–≤–º–æ–ø–æ–¥–≤–µ—Å–∫–∞, –ê–∫—Ç–∏–≤–Ω–∞—è –ø–æ–¥–≤–µ—Å–∫–∞, –°–ø–æ—Ä—Ç–∏–≤–Ω–∞—è –ø–æ–¥–≤–µ—Å–∫–∞.

–ü–æ–ª—É—á–∏—Ç–µ –¥–æ–ø–æ–ª–Ω–∏—Ç–µ–ª—å–Ω—É—é —Å–∫–∏–¥–∫—É –¥–æ 300 000 —Ä—É–±–ª–µ–π –ø—Ä–∏ –ø–æ–∫—É–ø–∫–µ –∞–≤—Ç–æ–º–æ–±–∏–ª—è –≤ –∫—Ä–µ–¥–∏—Ç!

–ú–∞–∫—Å–∏–º–∞–ª—å–Ω–∞—è –∫–æ–º–ø–ª–µ–∫—Ç–∞—Ü–∏—è:
¬∑ –õ—é–∫
¬∑ –ü–∞–Ω–æ—Ä–∞–º–Ω–∞—è –∫—Ä—ã—à–∞
¬∑ –û—Ç–¥–µ–ª–∫–∞ –ø–æ—Ç–æ–ª–∫–∞ —á–µ—Ä–Ω–æ–π —Ç–∫–∞–Ω—å—é
¬∑ –ö–∞–º–µ—Ä–∞ 360
¬∑ –ú–Ω–æ–≥–æ–∑–æ–Ω–Ω—ã–π –∫–ª–∏–º–∞—Ç-–∫–æ–Ω—Ç—Ä–æ–ª—å
¬∑ –ü–æ–¥–æ–≥—Ä–µ–≤ –∑–∞–¥–Ω–∏—Ö —Å–∏–¥–µ–Ω–∏–π
¬∑ –í–µ–Ω—Ç–∏–ª—è—Ü–∏—è –ø–µ—Ä–µ–¥–Ω–∏—Ö —Å–∏–¥–µ–Ω–∏–π
¬∑ –ú—É–ª—å—Ç–∏–º–µ–¥–∏–∞ —Å–∏—Å—Ç–µ–º–∞ –¥–ª—è –∑–∞–¥–Ω–∏—Ö –ø–∞—Å—Å–∞–∂–∏—Ä–æ–≤
¬∑ –î–æ–≤–æ–¥—á–∏–∫ –¥–≤–µ—Ä–µ–π –∏ –º–Ω–æ–≥–æ–µ –¥—Ä—É–≥–æ–µ!

‚ùó –í—Å–µ –∑–∞—è–≤–ª–µ–Ω–Ω—ã–µ –∞–≤—Ç–æ–º–æ–±–∏–ª–∏ –Ω–∞—Ö–æ–¥—è—Ç—Å—è –≤ –Ω–∞–ª–∏—á–∏–∏.
‚ùó –ß–µ—Å—Ç–Ω—ã–µ —Ü–µ–Ω—ã.
‚ùó –ë–µ–∑ —Å–∫—Ä—ã—Ç—ã—Ö –∫–æ–º–∏—Å—Å–∏–π.
‚ùó –í—ã–≥–æ–¥–∞ –ø–æ –ø—Ä–æ–≥—Ä–∞–º–º–µ Trade-In –¥–æ 100 —Ç—ã—Å—è—á —Ä—É–±–ª–µ–π. *



–£—Å–ª–æ–≤–∏—è –ø—Ä–∏ –ø–æ–∫—É–ø–∫–µ –∞–≤—Ç–æ–º–æ–±–∏–ª—è –≤ –∫—Ä–µ–¥–∏—Ç:

–°—Ç–∞–≤–∫–∞ –æ—Ç 4.9% –≥–æ–¥–æ–≤—ã—Ö;
–ü–µ—Ä–≤–æ–Ω–∞—á–∞–ª—å–Ω—ã–π –≤–∑–Ω–æ—Å –æ—Ç 0%;
–û—Ñ–æ—Ä–º–ª–µ–Ω–∏–µ –ø–æ –¥–≤—É–º –¥–æ–∫—É–º–µ–Ω—Ç–∞–º;
–°—Ä–æ–∫ –∫—Ä–µ–¥–∏—Ç–æ–≤–∞–Ω–∏—è –æ—Ç 6 –º–µ—Å—è—Ü–µ–≤ –¥–æ 7 –ª–µ—Ç;
–ë–µ–∑ –æ—Ñ–æ—Ä–º–ª–µ–Ω–∏—è –ö–ê–°–ö–û;

–ü—Ä–∏ –ø–æ–∫—É–ø–∫–µ –∞–≤—Ç–æ–º–æ–±–∏–ª—è –∫–∞–∂–¥—ã–π –∫–ª–∏–µ–Ω—Ç –ø–æ–ª—É—á–∞–µ—Ç –ø–æ–¥–∞—Ä–æ–∫ –Ω–∞ –≤—ã–±–æ—Ä:

üî• –ö–æ–º–ø–ª–µ–∫—Ç —Ä–µ–∑–∏–Ω—ã.
üî• –ü–æ–ª–Ω–æ–µ –∫–æ–º–ø–ª–µ–∫—Å–Ω–æ–µ –¢–û.
üî• –°—Ç—Ä–∞—Ö–æ–≤–æ–π –ø–æ–ª–∏—Å –û–°–ê–ì–û —Å—Ä–æ–∫–æ–º –Ω–∞ 3 –º–µ—Å—è—Ü–∞.

–ü—Ä–∏–≥–ª–∞—à–∞–µ–º –Ω–∞ –±–µ—Å–ø–ª–∞—Ç–Ω—ã–π —Ç–µ—Å—Ç-–¥—Ä–∞–π–≤! –ü–æ–¥—Ä–æ–±–Ω—É—é –∏–Ω—Ñ–æ—Ä–º–∞—Ü–∏—é –º–æ–∂–Ω–æ –ø–æ–ª—É—á–∏—Ç—å —É —Å–ø–µ—Ü–∏–∞–ª–∏—Å—Ç–æ–≤ –∞–≤—Ç–æ—Ü–µ–Ω—Ç—Ä–∞ –ø–æ —Ç–µ–ª–µ—Ñ–æ–Ω—É.
–ú—ã —Ä–∞–±–æ—Ç–∞–µ–º –¥–æ –ø–æ—Å–ª–µ–¥–Ω–µ–≥–æ –∫–ª–∏–µ–Ω—Ç–∞.

* –î–∞–Ω–Ω—ã–µ —Å–∫–∏–¥–∫–∏ –ø—Ä–∏–º–µ–Ω—è—é—Ç—Å—è –≤ –∑–∞–≤–∏—Å–∏–º–æ—Å—Ç–∏ –æ—Ç —É—Å–ª–æ–≤–∏–π –ø–æ–∫—É–ø–∫–∏. –í—Å–µ –ø–æ–¥—Ä–æ–±–Ω–æ—Å—Ç–∏ —É—Ç–æ—á–Ω—è–π—Ç–µ —É –º–µ–Ω–µ–¥–∂–µ—Ä–æ–≤ –∞–≤—Ç–æ—Å–∞–ª–æ–Ω–∞.",https://moscow.drom.ru/mercedes-benz/gl-class/50444030.html,435 –ª.—Å.,–±–µ–ª—ã–π,–ê–ö–ü–ü,–ª–µ–≤—ã–π,–•–∞—Ä–∞–∫—Ç–µ—Ä–∏—Å—Ç–∏–∫–∏ —Å–æ–≤–ø–∞–¥–∞—é—Ç —Å –ü–¢–°,3 –∑–∞–ø–∏—Å–∏ –æ —Ä–µ–≥–∏—Å—Ç—Ä–∞—Ü–∏–∏,–ù–µ —á–∏—Å–ª–∏—Ç—Å—è –≤ —Ä–æ–∑—ã—Å–∫–µ,–û–≥—Ä–∞–Ω–∏—á–µ–Ω–∏–π –Ω–µ –æ–±–Ω–∞—Ä—É–∂–µ–Ω–æ
7,"–ü—Ä–æ–¥–∞–∂–∞ Audi Q3, 2013 –≥–æ–¥ –≤ –ú–æ—Å–∫–≤–µ",1 249 000 ‚ÇΩ,"–±–µ–Ω–∑–∏–Ω, 2.0 –ª",118 124,–ù–µ–∏–∑–≤–µ—Å—Ç–Ω–æ,–°–º–æ—Ç—Ä–µ—Ç—å –≤ '–î–≤–∏–≥–∞—Ç–µ–ª—å',4WD,–ù–µ —É–∫–∞–∑–∞–Ω–æ –Ω–∞ –î—Ä–æ–º,–ú–æ—Å–∫–≤–∞ –∏ –ú–û,"–ö–û–ú–ü–õ–ï–ö–¢–ê–¶–ò–Ø
–û–±–∑–æ—Ä: –ü—Ä–æ—Ç–∏–≤–æ—Ç—É–º–∞–Ω–Ω—ã–µ —Ñ–∞—Ä—ã, –°–≤–µ—Ç–æ–¥–∏–æ–¥–Ω—ã–µ —Ñ–∞—Ä—ã, –î–∞—Ç—á–∏–∫ –¥–æ–∂–¥—è, –î–∞—Ç—á–∏–∫ —Å–≤–µ—Ç–∞, –≠–ª–µ–∫—Ç—Ä–æ–æ–±–æ–≥—Ä–µ–≤ –∑–µ—Ä–∫–∞–ª, –û–º—ã–≤–∞—Ç–µ–ª—å —Ñ–∞—Ä, –≠–ª–µ–∫—Ç—Ä–æ–æ–±–æ–≥—Ä–µ–≤ –∑–æ–Ω—ã —Å—Ç–µ–∫–ª–æ–æ—á–∏—Å—Ç–∏—Ç–µ–ª–µ–π, –≠–ª–µ–∫—Ç—Ä–æ–æ–±–æ–≥—Ä–µ–≤ —Ñ–æ—Ä—Å—É–Ω–æ–∫ —Å—Ç–µ–∫–ª–æ–æ–º—ã–≤–∞—Ç–µ–ª–µ–π, –ê–≤—Ç–æ–º–∞—Ç–∏—á–µ—Å–∫–∏–π –∫–æ—Ä—Ä–µ–∫—Ç–æ—Ä —Ñ–∞—Ä;
–≠–ª–µ–º–µ–Ω—Ç—ã —ç–∫—Å—Ç–µ—Ä—å–µ—Ä–∞: –†–∞–∑–º–µ—Ä –¥–∏—Å–∫–æ–≤ - –î–∏—Å–∫–∏ 18, –†–µ–π–ª–∏–Ω–≥–∏ –Ω–∞ –∫—Ä—ã—à–µ, –¢–∏–ø –¥–∏—Å–∫–æ–≤ - –õ–µ–≥–∫–æ—Å–ø–ª–∞–≤–Ω—ã–µ –¥–∏—Å–∫–∏, –î–µ–∫–æ—Ä–∞—Ç–∏–≤–Ω—ã–µ –º–æ–ª–¥–∏–Ω–≥–∏;
–ó–∞—â–∏—Ç–∞ –æ—Ç —É–≥–æ–Ω–∞: –ò–º–º–æ–±–∏–ª–∞–π–∑–µ—Ä, –¶–µ–Ω—Ç—Ä–∞–ª—å–Ω—ã–π –∑–∞–º–æ–∫, –°–∏–≥–Ω–∞–ª–∏–∑–∞—Ü–∏—è, –î–∞—Ç—á–∏–∫ –ø—Ä–æ–Ω–∏–∫–Ω–æ–≤–µ–Ω–∏—è –≤ —Å–∞–ª–æ–Ω (–¥–∞—Ç—á–∏–∫ –æ–±—ä–µ–º–∞);
–ú—É–ª—å—Ç–∏–º–µ–¥–∏–∞: AUX, USB, –ê—É–¥–∏–æ—Å–∏—Å—Ç–µ–º–∞, Bluetooth, –†–æ–∑–µ—Ç–∫–∞ 12V, –ù–∞–≤–∏–≥–∞—Ü–∏–æ–Ω–Ω–∞—è —Å–∏—Å—Ç–µ–º–∞;
–°–∞–ª–æ–Ω: –õ—é–∫, –¢–∫–∞–Ω—å (–ú–∞—Ç–µ—Ä–∏–∞–ª —Å–∞–ª–æ–Ω–∞), –ö–æ–ª–∏—á–µ—Å—Ç–≤–æ –º–µ—Å—Ç: 5, –¶–≤–µ—Ç —Å–∞–ª–æ–Ω–∞ - –¢–µ–º–Ω—ã–π —Å–∞–ª–æ–Ω, –¢–æ–Ω–∏—Ä–æ–≤–∞–Ω–Ω—ã–µ —Å—Ç–µ–∫–ª–∞, –ü–∞–Ω–æ—Ä–∞–º–Ω–∞—è –∫—Ä—ã—à–∞, –û—Ç–¥–µ–ª–∫–∞ –∫–æ–∂–µ–π —Ä—É–ª–µ–≤–æ–≥–æ –∫–æ–ª–µ—Å–∞, –ù–∞–∫–ª–∞–¥–∫–∏ –Ω–∞ –ø–æ—Ä–æ–≥–∏, –ü–æ–¥–æ–≥—Ä–µ–≤ –ø–µ—Ä–µ–¥–Ω–∏—Ö —Å–∏–¥–µ–Ω–∏–π, –û—Ç–¥–µ–ª–∫–∞ –∫–æ–∂–µ–π —Ä—ã—á–∞–≥–∞ –ö–ü–ü, –°–∫–ª–∞–¥—ã–≤–∞—é—â–µ–µ—Å—è –∑–∞–¥–Ω–µ–µ —Å–∏–¥–µ–Ω–∏–µ, –¢—Ä–µ—Ç–∏–π –∑–∞–¥–Ω–∏–π –ø–æ–¥–≥–æ–ª–æ–≤–Ω–∏–∫, –ü–µ—Ä–µ–¥–Ω–∏–π —Ü–µ–Ω—Ç—Ä–∞–ª—å–Ω—ã–π –ø–æ–¥–ª–æ–∫–æ—Ç–Ω–∏–∫, –†–µ–≥—É–ª–∏—Ä–æ–≤–∫–∞ —Å–∏–¥–µ–Ω–∏–π –ø–æ –≤—ã—Å–æ—Ç–µ - –†–µ–≥—É–ª–∏—Ä–æ–≤–∫–∞ –ø–µ—Ä–µ–¥–Ω–∏—Ö —Å–∏–¥–µ–Ω–∏–π –ø–æ –≤—ã—Å–æ—Ç–µ;
–ö–æ–º—Ñ–æ—Ä—Ç: –ö–æ–Ω–¥–∏—Ü–∏–æ–Ω–µ—Ä - –ö–ª–∏–º–∞—Ç-–∫–æ–Ω—Ç—Ä–æ–ª—å 2-–∑–æ–Ω–Ω—ã–π, –ë–æ—Ä—Ç–æ–≤–æ–π –∫–æ–º–ø—å—é—Ç–µ—Ä, –û—Ö–ª–∞–∂–¥–∞–µ–º—ã–π –ø–µ—Ä—á–∞—Ç–æ—á–Ω—ã–π —è—â–∏–∫, –≠–ª–µ–∫—Ç—Ä–æ—Å–∫–ª–∞–¥—ã–≤–∞–Ω–∏–µ –∑–µ—Ä–∫–∞–ª, –≠–ª–µ–∫—Ç—Ä–æ–ø—Ä–∏–≤–æ–¥ –∫—Ä—ã—à–∫–∏ –±–∞–≥–∞–∂–Ω–∏–∫–∞, –°–∏—Å—Ç–µ–º–∞ –¥–æ—Å—Ç—É–ø–∞ –±–µ–∑ –∫–ª—é—á–∞, –£—Å–∏–ª–∏—Ç–µ–ª—å —Ä—É–ª—è, –≠–ª–µ–∫—Ç—Ä–æ–ø—Ä–∏–≤–æ–¥ –∑–µ—Ä–∫–∞–ª, –≠–ª–µ–∫—Ç—Ä–æ—Å—Ç–µ–∫–ª–æ–ø–æ–¥—ä—ë–º–Ω–∏–∫–∏ –∑–∞–¥–Ω–∏–µ, –°–∏—Å—Ç–µ–º–∞ ¬´—Å—Ç–∞—Ä—Ç-—Å—Ç–æ–ø¬ª, –≠–ª–µ–∫—Ç—Ä–æ—Å—Ç–µ–∫–ª–æ–ø–æ–¥—ä—ë–º–Ω–∏–∫–∏ –ø–µ—Ä–µ–¥–Ω–∏–µ, –†–µ–≥—É–ª–∏—Ä–æ–≤–∫–∞ —Ä—É–ª—è –ø–æ –≤—ã—Å–æ—Ç–µ, –†–µ–≥—É–ª–∏—Ä–æ–≤–∫–∞ —Ä—É–ª—è –ø–æ –≤—ã–ª–µ—Ç—É, –ü—Ä–∏–∫—É—Ä–∏–≤–∞—Ç–µ–ª—å –∏ –ø–µ–ø–µ–ª—å–Ω–∏—Ü–∞;
–ë–µ–∑–æ–ø–∞—Å–Ω–æ—Å—Ç—å: –ê–Ω—Ç–∏–±–ª–æ–∫–∏—Ä–æ–≤–æ—á–Ω–∞—è —Å–∏—Å—Ç–µ–º–∞ (ABS), –ê–Ω—Ç–∏–ø—Ä–æ–±—É–∫—Å–æ–≤–æ—á–Ω–∞—è —Å–∏—Å—Ç–µ–º–∞ (ASR), –°–∏—Å—Ç–µ–º–∞ –ø–æ–º–æ—â–∏ –ø—Ä–∏ —Ç–æ—Ä–º–æ–∂–µ–Ω–∏–∏, –°–∏—Å—Ç–µ–º–∞ —Å—Ç–∞–±–∏–ª–∏–∑–∞—Ü–∏–∏, –°–∏—Å—Ç–µ–º–∞ –ø–æ–º–æ—â–∏ –ø—Ä–∏ —Å—Ç–∞—Ä—Ç–µ –≤ –≥–æ—Ä—É, –ö—Ä–µ–ø–ª–µ–Ω–∏–µ –¥–ª—è –¥–µ—Ç—Å–∫–æ–≥–æ –∫—Ä–µ—Å–ª–∞ (–∑–∞–¥–Ω–∏–π —Ä—è–¥), –ü–æ–¥—É—à–∫–∏ –±–µ–∑–æ–ø–∞—Å–Ω–æ—Å—Ç–∏ –±–æ–∫–æ–≤—ã–µ, –ö—Ä–µ–ø–ª–µ–Ω–∏–µ –¥–ª—è –¥–µ—Ç—Å–∫–æ–≥–æ –∫—Ä–µ—Å–ª–∞ (–ø–µ—Ä–µ–¥–Ω–∏–π —Ä—è–¥), –ü–æ–¥—É—à–∫–∞ –±–µ–∑–æ–ø–∞—Å–Ω–æ—Å—Ç–∏ –≤–æ–¥–∏—Ç–µ–ª—è, –î–∞—Ç—á–∏–∫ –¥–∞–≤–ª–µ–Ω–∏—è –≤ —à–∏–Ω–∞—Ö, –ü–æ–¥—É—à–∫–∏ –±–µ–∑–æ–ø–∞—Å–Ω–æ—Å—Ç–∏ –æ–∫–æ–Ω–Ω—ã–µ (—à—Ç–æ—Ä–∫–∏), –ü–æ–¥—É—à–∫–∞ –±–µ–∑–æ–ø–∞—Å–Ω–æ—Å—Ç–∏ –ø–∞—Å—Å–∞–∂–∏—Ä–∞, –ü–æ–¥—É—à–∫–∏ –±–µ–∑–æ–ø–∞—Å–Ω–æ—Å—Ç–∏ –±–æ–∫–æ–≤—ã–µ –∑–∞–¥–Ω–∏–µ, –ë–ª–æ–∫–∏—Ä–æ–≤–∫–∞ –∑–∞–º–∫–æ–≤ –∑–∞–¥–Ω–∏—Ö –¥–≤–µ—Ä–µ–π;
–ü—Ä–æ—á–µ–µ: –ü–æ–ª–Ω–æ—Ä–∞–∑–º–µ—Ä–Ω–æ–µ –∑–∞–ø–∞—Å–Ω–æ–µ –∫–æ–ª–µ—Å–æ, –ó–∞—â–∏—Ç–∞ –∫–∞—Ä—Ç–µ—Ä–∞.

–ü–æ–ª—É—á–∏—Ç–µ –¥–æ–ø–æ–ª–Ω–∏—Ç–µ–ª—å–Ω—É—é —Å–∫–∏–¥–∫—É –¥–æ 200 000 —Ä—É–±–ª–µ–π –ø—Ä–∏ –ø–æ–∫—É–ø–∫–µ –∞–≤—Ç–æ–º–æ–±–∏–ª—è –≤ –∫—Ä–µ–¥–∏—Ç!

‚ùó –í—Å–µ –∑–∞—è–≤–ª–µ–Ω–Ω—ã–µ –∞–≤—Ç–æ–º–æ–±–∏–ª–∏ –Ω–∞—Ö–æ–¥—è—Ç—Å—è –≤ –Ω–∞–ª–∏—á–∏–∏.
‚ùó –ß–µ—Å—Ç–Ω—ã–µ —Ü–µ–Ω—ã.
‚ùó –ë–µ–∑ —Å–∫—Ä—ã—Ç—ã—Ö –∫–æ–º–∏—Å—Å–∏–π.
‚ùó –í—ã–≥–æ–¥–∞ –ø–æ –ø—Ä–æ–≥—Ä–∞–º–º–µ Trade-In –¥–æ 100 —Ç—ã—Å—è—á —Ä—É–±–ª–µ–π. *



–£—Å–ª–æ–≤–∏—è –ø—Ä–∏ –ø–æ–∫—É–ø–∫–µ –∞–≤—Ç–æ–º–æ–±–∏–ª—è –≤ –∫—Ä–µ–¥–∏—Ç:

–°—Ç–∞–≤–∫–∞ –æ—Ç 4.9% –≥–æ–¥–æ–≤—ã—Ö;
–ü–µ—Ä–≤–æ–Ω–∞—á–∞–ª—å–Ω—ã–π –≤–∑–Ω–æ—Å –æ—Ç 0%;
–û—Ñ–æ—Ä–º–ª–µ–Ω–∏–µ –ø–æ –¥–≤—É–º –¥–æ–∫—É–º–µ–Ω—Ç–∞–º;
–°—Ä–æ–∫ –∫—Ä–µ–¥–∏—Ç–æ–≤–∞–Ω–∏—è –æ—Ç 6 –º–µ—Å—è—Ü–µ–≤ –¥–æ 7 –ª–µ—Ç;
–ë–µ–∑ –æ—Ñ–æ—Ä–º–ª–µ–Ω–∏—è –ö–ê–°–ö–û;

–ü—Ä–∏ –ø–æ–∫—É–ø–∫–µ –∞–≤—Ç–æ–º–æ–±–∏–ª—è –∫–∞–∂–¥—ã–π –∫–ª–∏–µ–Ω—Ç –ø–æ–ª—É—á–∞–µ—Ç –ø–æ–¥–∞—Ä–æ–∫ –Ω–∞ –≤—ã–±–æ—Ä:

üî• –ö–æ–º–ø–ª–µ–∫—Ç —Ä–µ–∑–∏–Ω—ã.
üî• –ü–æ–ª–Ω–æ–µ –∫–æ–º–ø–ª–µ–∫—Å–Ω–æ–µ –¢–û.
üî• –°—Ç—Ä–∞—Ö–æ–≤–æ–π –ø–æ–ª–∏—Å –û–°–ê–ì–û —Å—Ä–æ–∫–æ–º –Ω–∞ 3 –º–µ—Å—è—Ü–∞.

–ü—Ä–∏–≥–ª–∞—à–∞–µ–º –Ω–∞ –±–µ—Å–ø–ª–∞—Ç–Ω—ã–π —Ç–µ—Å—Ç-–¥—Ä–∞–π–≤! –ü–æ–¥—Ä–æ–±–Ω—É—é –∏–Ω—Ñ–æ—Ä–º–∞—Ü–∏—é –º–æ–∂–Ω–æ –ø–æ–ª—É—á–∏—Ç—å —É —Å–ø–µ—Ü–∏–∞–ª–∏—Å—Ç–æ–≤ –∞–≤—Ç–æ—Ü–µ–Ω—Ç—Ä–∞ –ø–æ —Ç–µ–ª–µ—Ñ–æ–Ω—É.
–ú—ã —Ä–∞–±–æ—Ç–∞–µ–º –¥–æ –ø–æ—Å–ª–µ–¥–Ω–µ–≥–æ –∫–ª–∏–µ–Ω—Ç–∞.

* –î–∞–Ω–Ω—ã–µ —Å–∫–∏–¥–∫–∏ –ø—Ä–∏–º–µ–Ω—è—é—Ç—Å—è –≤ –∑–∞–≤–∏—Å–∏–º–æ—Å—Ç–∏ –æ—Ç —É—Å–ª–æ–≤–∏–π –ø–æ–∫—É–ø–∫–∏. –í—Å–µ –ø–æ–¥—Ä–æ–±–Ω–æ—Å—Ç–∏ —É—Ç–æ—á–Ω—è–π—Ç–µ —É –º–µ–Ω–µ–¥–∂–µ—Ä–æ–≤ –∞–≤—Ç–æ—Å–∞–ª–æ–Ω–∞.",https://moscow.drom.ru/audi/q3/50356226.html,170 –ª.—Å.,–±–µ–ª—ã–π,—Ä–æ–±–æ—Ç,–ª–µ–≤—ã–π,–•–∞—Ä–∞–∫—Ç–µ—Ä–∏—Å—Ç–∏–∫–∏ —Å–æ–≤–ø–∞–¥–∞—é—Ç —Å –ü–¢–°,4 –∑–∞–ø–∏—Å–∏ –æ —Ä–µ–≥–∏—Å—Ç—Ä–∞—Ü–∏–∏,–ù–µ —á–∏—Å–ª–∏—Ç—Å—è –≤ —Ä–æ–∑—ã—Å–∫–µ,–û–≥—Ä–∞–Ω–∏—á–µ–Ω–∏–π –Ω–µ –æ–±–Ω–∞—Ä—É–∂–µ–Ω–æ
8,"–ü—Ä–æ–¥–∞–∂–∞ Lifan Solano, 2013 –≥–æ–¥ –≤ –ú–æ—Å–∫–≤–µ",349 000 ‚ÇΩ,"–±–µ–Ω–∑–∏–Ω, 1.6 –ª",89 177,–ù–µ–∏–∑–≤–µ—Å—Ç–Ω–æ,–°–º–æ—Ç—Ä–µ—Ç—å –≤ '–î–≤–∏–≥–∞—Ç–µ–ª—å',–ø–µ—Ä–µ–¥–Ω–∏–π,–ù–µ —É–∫–∞–∑–∞–Ω–æ –Ω–∞ –î—Ä–æ–º,–ú–æ—Å–∫–≤–∞ –∏ –ú–û,"–ö–û–ú–ü–õ–ï–ö–¢–ê–¶–ò–Ø
–û–±–∑–æ—Ä: –ü—Ä–æ—Ç–∏–≤–æ—Ç—É–º–∞–Ω–Ω—ã–µ —Ñ–∞—Ä—ã, –ö—Å–µ–Ω–æ–Ω–æ–≤—ã–µ/–ë–∏–∫—Å–µ–Ω–æ–Ω–æ–≤—ã–µ —Ñ–∞—Ä—ã, –î–∞—Ç—á–∏–∫ –¥–æ–∂–¥—è;
–≠–ª–µ–º–µ–Ω—Ç—ã —ç–∫—Å—Ç–µ—Ä—å–µ—Ä–∞: –†–∞–∑–º–µ—Ä –¥–∏—Å–∫–æ–≤ - –î–∏—Å–∫–∏ 15, –¢–∏–ø –¥–∏—Å–∫–æ–≤ - –°—Ç–∞–ª—å–Ω—ã–µ –¥–∏—Å–∫–∏;
–ó–∞—â–∏—Ç–∞ –æ—Ç —É–≥–æ–Ω–∞: –ò–º–º–æ–±–∏–ª–∞–π–∑–µ—Ä, –¶–µ–Ω—Ç—Ä–∞–ª—å–Ω—ã–π –∑–∞–º–æ–∫, –°–∏–≥–Ω–∞–ª–∏–∑–∞—Ü–∏—è, –î–∞—Ç—á–∏–∫ –ø—Ä–æ–Ω–∏–∫–Ω–æ–≤–µ–Ω–∏—è –≤ —Å–∞–ª–æ–Ω (–¥–∞—Ç—á–∏–∫ –æ–±—ä–µ–º–∞);
–ú—É–ª—å—Ç–∏–º–µ–¥–∏–∞: AUX, USB, –ê—É–¥–∏–æ—Å–∏—Å—Ç–µ–º–∞ - –ê—É–¥–∏–æ–ø–æ–¥–≥–æ—Ç–æ–≤–∫–∞, Bluetooth, –†–æ–∑–µ—Ç–∫–∞ 12V;
–°–∞–ª–æ–Ω: –ö–æ–∂–∞ (–ú–∞—Ç–µ—Ä–∏–∞–ª —Å–∞–ª–æ–Ω–∞), –ö–æ–ª–∏—á–µ—Å—Ç–≤–æ –º–µ—Å—Ç: 5, –¶–≤–µ—Ç —Å–∞–ª–æ–Ω–∞ - –¢–µ–º–Ω—ã–π —Å–∞–ª–æ–Ω, –¢–æ–Ω–∏—Ä–æ–≤–∞–Ω–Ω—ã–µ —Å—Ç–µ–∫–ª–∞, –û—Ç–¥–µ–ª–∫–∞ –∫–æ–∂–µ–π —Ä—É–ª–µ–≤–æ–≥–æ –∫–æ–ª–µ—Å–∞, –ù–∞–∫–ª–∞–¥–∫–∏ –Ω–∞ –ø–æ—Ä–æ–≥–∏, –ü–æ–¥–æ–≥—Ä–µ–≤ –ø–µ—Ä–µ–¥–Ω–∏—Ö —Å–∏–¥–µ–Ω–∏–π, –û—Ç–¥–µ–ª–∫–∞ –∫–æ–∂–µ–π —Ä—ã—á–∞–≥–∞ –ö–ü–ü, –°–∫–ª–∞–¥—ã–≤–∞—é—â–µ–µ—Å—è –∑–∞–¥–Ω–µ–µ —Å–∏–¥–µ–Ω–∏–µ, –¢—Ä–µ—Ç–∏–π –∑–∞–¥–Ω–∏–π –ø–æ–¥–≥–æ–ª–æ–≤–Ω–∏–∫, –ü–µ—Ä–µ–¥–Ω–∏–π —Ü–µ–Ω—Ç—Ä–∞–ª—å–Ω—ã–π –ø–æ–¥–ª–æ–∫–æ—Ç–Ω–∏–∫, –†–µ–≥—É–ª–∏—Ä–æ–≤–∫–∞ —Å–∏–¥–µ–Ω–∏–π –ø–æ –≤—ã—Å–æ—Ç–µ - –†–µ–≥—É–ª–∏—Ä–æ–≤–∫–∞ –ø–µ—Ä–µ–¥–Ω–∏—Ö —Å–∏–¥–µ–Ω–∏–π –ø–æ –≤—ã—Å–æ—Ç–µ;
–ö–æ–º—Ñ–æ—Ä—Ç: –ö–æ–Ω–¥–∏—Ü–∏–æ–Ω–µ—Ä, –ë–æ—Ä—Ç–æ–≤–æ–π –∫–æ–º–ø—å—é—Ç–µ—Ä, –û—Ö–ª–∞–∂–¥–∞–µ–º—ã–π –ø–µ—Ä—á–∞—Ç–æ—á–Ω—ã–π —è—â–∏–∫, –ú—É–ª—å—Ç–∏—Ñ—É–Ω–∫—Ü–∏–æ–Ω–∞–ª—å–Ω–æ–µ —Ä—É–ª–µ–≤–æ–µ –∫–æ–ª–µ—Å–æ, –ü–∞—Ä–∫—Ç—Ä–æ–Ω–∏–∫ –∑–∞–¥–Ω–∏–π, –£—Å–∏–ª–∏—Ç–µ–ª—å —Ä—É–ª—è, –≠–ª–µ–∫—Ç—Ä–æ–ø—Ä–∏–≤–æ–¥ –∑–µ—Ä–∫–∞–ª, –≠–ª–µ–∫—Ç—Ä–æ—Å—Ç–µ–∫–ª–æ–ø–æ–¥—ä—ë–º–Ω–∏–∫–∏ –∑–∞–¥–Ω–∏–µ, –≠–ª–µ–∫—Ç—Ä–æ—Å—Ç–µ–∫–ª–æ–ø–æ–¥—ä—ë–º–Ω–∏–∫–∏ –ø–µ—Ä–µ–¥–Ω–∏–µ, –†–µ–≥—É–ª–∏—Ä–æ–≤–∫–∞ —Ä—É–ª—è –ø–æ –≤—ã—Å–æ—Ç–µ, –†–µ–≥—É–ª–∏—Ä–æ–≤–∫–∞ —Ä—É–ª—è –ø–æ –≤—ã–ª–µ—Ç—É, –ü—Ä–∏–∫—É—Ä–∏–≤–∞—Ç–µ–ª—å –∏ –ø–µ–ø–µ–ª—å–Ω–∏—Ü–∞;
–ë–µ–∑–æ–ø–∞—Å–Ω–æ—Å—Ç—å: –ê–Ω—Ç–∏–±–ª–æ–∫–∏—Ä–æ–≤–æ—á–Ω–∞—è —Å–∏—Å—Ç–µ–º–∞ (ABS), –°–∏—Å—Ç–µ–º–∞ —Å—Ç–∞–±–∏–ª–∏–∑–∞—Ü–∏–∏, –ö—Ä–µ–ø–ª–µ–Ω–∏–µ –¥–ª—è –¥–µ—Ç—Å–∫–æ–≥–æ –∫—Ä–µ—Å–ª–∞ (–∑–∞–¥–Ω–∏–π —Ä—è–¥), –ö—Ä–µ–ø–ª–µ–Ω–∏–µ –¥–ª—è –¥–µ—Ç—Å–∫–æ–≥–æ –∫—Ä–µ—Å–ª–∞ (–ø–µ—Ä–µ–¥–Ω–∏–π —Ä—è–¥), –ü–æ–¥—É—à–∫–∞ –±–µ–∑–æ–ø–∞—Å–Ω–æ—Å—Ç–∏ –≤–æ–¥–∏—Ç–µ–ª—è, –ü–æ–¥—É—à–∫–∞ –±–µ–∑–æ–ø–∞—Å–Ω–æ—Å—Ç–∏ –ø–∞—Å—Å–∞–∂–∏—Ä–∞, –ë–ª–æ–∫–∏—Ä–æ–≤–∫–∞ –∑–∞–º–∫–æ–≤ –∑–∞–¥–Ω–∏—Ö –¥–≤–µ—Ä–µ–π;
–ü—Ä–æ—á–µ–µ: –ó–∞—â–∏—Ç–∞ –∫–∞—Ä—Ç–µ—Ä–∞, –î–æ–∫–∞—Ç–∫–∞.

‚ùó –í—Å–µ –∑–∞—è–≤–ª–µ–Ω–Ω—ã–µ –∞–≤—Ç–æ–º–æ–±–∏–ª–∏ –Ω–∞—Ö–æ–¥—è—Ç—Å—è –≤ –Ω–∞–ª–∏—á–∏–∏.
‚ùó –ß–µ—Å—Ç–Ω—ã–µ —Ü–µ–Ω—ã.
‚ùó –ë–µ–∑ —Å–∫—Ä—ã—Ç—ã—Ö –∫–æ–º–∏—Å—Å–∏–π.
‚ùó –í—ã–≥–æ–¥–∞ –ø–æ –ø—Ä–æ–≥—Ä–∞–º–º–µ Trade-In –¥–æ 100 —Ç—ã—Å—è—á —Ä—É–±–ª–µ–π. *



–£—Å–ª–æ–≤–∏—è –ø—Ä–∏ –ø–æ–∫—É–ø–∫–µ –∞–≤—Ç–æ–º–æ–±–∏–ª—è –≤ –∫—Ä–µ–¥–∏—Ç:

–°—Ç–∞–≤–∫–∞ –æ—Ç 4.9% –≥–æ–¥–æ–≤—ã—Ö;
–ü–µ—Ä–≤–æ–Ω–∞—á–∞–ª—å–Ω—ã–π –≤–∑–Ω–æ—Å –æ—Ç 0%;
–û—Ñ–æ—Ä–º–ª–µ–Ω–∏–µ –ø–æ –¥–≤—É–º –¥–æ–∫—É–º–µ–Ω—Ç–∞–º;
–°—Ä–æ–∫ –∫—Ä–µ–¥–∏—Ç–æ–≤–∞–Ω–∏—è –æ—Ç 6 –º–µ—Å—è—Ü–µ–≤ –¥–æ 7 –ª–µ—Ç;
–ë–µ–∑ –æ—Ñ–æ—Ä–º–ª–µ–Ω–∏—è –ö–ê–°–ö–û;

–ü—Ä–∏ –ø–æ–∫—É–ø–∫–µ –∞–≤—Ç–æ–º–æ–±–∏–ª—è –∫–∞–∂–¥—ã–π –∫–ª–∏–µ–Ω—Ç –ø–æ–ª—É—á–∞–µ—Ç –ø–æ–¥–∞—Ä–æ–∫ –Ω–∞ –≤—ã–±–æ—Ä:

üî• –ö–æ–º–ø–ª–µ–∫—Ç —Ä–µ–∑–∏–Ω—ã.
üî• –ü–æ–ª–Ω–æ–µ –∫–æ–º–ø–ª–µ–∫—Å–Ω–æ–µ –¢–û.
üî• –°—Ç—Ä–∞—Ö–æ–≤–æ–π –ø–æ–ª–∏—Å –û–°–ê–ì–û —Å—Ä–æ–∫–æ–º –Ω–∞ 3 –º–µ—Å—è—Ü–∞.

–ü—Ä–∏–≥–ª–∞—à–∞–µ–º –Ω–∞ –±–µ—Å–ø–ª–∞—Ç–Ω—ã–π —Ç–µ—Å—Ç-–¥—Ä–∞–π–≤! –ü–æ–¥—Ä–æ–±–Ω—É—é –∏–Ω—Ñ–æ—Ä–º–∞—Ü–∏—é –º–æ–∂–Ω–æ –ø–æ–ª—É—á–∏—Ç—å —É —Å–ø–µ—Ü–∏–∞–ª–∏—Å—Ç–æ–≤ –∞–≤—Ç–æ—Ü–µ–Ω—Ç—Ä–∞ –ø–æ —Ç–µ–ª–µ—Ñ–æ–Ω—É.
–ú—ã —Ä–∞–±–æ—Ç–∞–µ–º –¥–æ –ø–æ—Å–ª–µ–¥–Ω–µ–≥–æ –∫–ª–∏–µ–Ω—Ç–∞.

* –î–∞–Ω–Ω—ã–µ —Å–∫–∏–¥–∫–∏ –ø—Ä–∏–º–µ–Ω—è—é—Ç—Å—è –≤ –∑–∞–≤–∏—Å–∏–º–æ—Å—Ç–∏ –æ—Ç —É—Å–ª–æ–≤–∏–π –ø–æ–∫—É–ø–∫–∏. –í—Å–µ –ø–æ–¥—Ä–æ–±–Ω–æ—Å—Ç–∏ —É—Ç–æ—á–Ω—è–π—Ç–µ —É –º–µ–Ω–µ–¥–∂–µ—Ä–æ–≤ –∞–≤—Ç–æ—Å–∞–ª–æ–Ω–∞.",https://moscow.drom.ru/lifan/solano/50002037.html,106 –ª.—Å.,—Å–µ—Ä—ã–π,–≤–∞—Ä–∏–∞—Ç–æ—Ä,–ª–µ–≤—ã–π,–•–∞—Ä–∞–∫—Ç–µ—Ä–∏—Å—Ç–∏–∫–∏ —Å–æ–≤–ø–∞–¥–∞—é—Ç —Å –ü–¢–°,3 –∑–∞–ø–∏—Å–∏ –æ —Ä–µ–≥–∏—Å—Ç—Ä–∞—Ü–∏–∏,–ù–µ —á–∏—Å–ª–∏—Ç—Å—è –≤ —Ä–æ–∑—ã—Å–∫–µ,–û–≥—Ä–∞–Ω–∏—á–µ–Ω–∏–π –Ω–µ –æ–±–Ω–∞—Ä—É–∂–µ–Ω–æ
9,"–ü—Ä–æ–¥–∞–∂–∞ Volkswagen Touareg, 2012 –≥–æ–¥ –≤ –ù–∞—Ä–æ-–§–æ–º–∏–Ω—Å–∫–µ",1 730 000 ‚ÇΩ,"–¥–∏–∑–µ–ª—å, 3.0 –ª",157 000,–ù–µ–∏–∑–≤–µ—Å—Ç–Ω–æ,–°–º–æ—Ç—Ä–µ—Ç—å –≤ '–î–≤–∏–≥–∞—Ç–µ–ª—å',4WD,–ù–µ —É–∫–∞–∑–∞–Ω–æ –Ω–∞ –î—Ä–æ–º,–ú–æ—Å–∫–≤–∞ –∏ –ú–û,"–î–µ–∫–∞–±—Ä—å 2011 –≥–æ–¥–∞. –î—Ä–æ–º –∞–≤—Ç–æ–º–∞—Ç–æ–º —Ä–∞–∑–º–µ—Å—Ç–∏–ª 2012 –≥–æ–¥–æ–º, –ø–æ–º–µ–Ω—è—Ç—å –Ω–µ –º–æ–≥—É —Å–∞–º. –ë–µ–∑ –ø–Ω–µ–≤–º–æ, –Ω–æ –µ—Å—Ç—å –ø–∞–Ω–æ—Ä–∞–º–∞ –∏ –æ–±–æ–≥—Ä–µ–≤ —Ä—É–ª—è –∏ —Å–∏–¥–µ–Ω–∏–π. –û—Ç–ª–∏—á–Ω–æ–µ —Ç–µ—Ö–Ω–∏—á–µ—Å–∫–æ–µ —Å–æ—Å—Ç–æ—è–Ω–∏–µ, —Å–∞–ª–æ–Ω —á–∏—Å—Ç—ã–π –∏ –∞–∫–∫—É—Ä–∞—Ç–Ω—ã–π. –ü–æ–ª–Ω–æ—Å—Ç—å—é –æ–±—Å–ª—É–∂–µ–Ω, –µ—Å—Ç—å –±–æ—Ä—Ç–∂—É—Ä–Ω–∞–ª –Ω–∞ –¥—Ä–∞–π–≤. –ù–µ –ø—Ä–æ–¥–∞–≤–∞–ª –±—ã, –Ω–æ –Ω–∞—á–∞–ª–∞—Å—å —Å—Ç—Ä–æ–π–∫–∞. –ü–æ–∫—É–ø–∞–ª —Å –ø—Ä–æ–±–µ–≥–æ–º 150, –≤ –∞–≤—Ç–æ—Ç–µ–∫–µ –±—ã–ª–æ 280, –≤—ã–±—Ä–∞–ª —Å–æ—Å—Ç–æ—è–Ω–∏–µ, –∞ –Ω–µ –æ—Ç—á–µ—Ç.

https://youtu.be/_ZcnBrXfOQE",https://naro-fominsk.drom.ru/volkswagen/touareg/50299283.html,204 –ª.—Å.,–∫–æ—Ä–∏—á–Ω–µ–≤—ã–π,–ê–ö–ü–ü,–ª–µ–≤—ã–π,–ì–æ–¥ –Ω–µ —Å–æ–≤–ø–∞–¥–∞–µ—Ç —Å –ü–¢–°,3 –∑–∞–ø–∏—Å–∏ –æ —Ä–µ–≥–∏—Å—Ç—Ä–∞—Ü–∏–∏,–ù–µ —á–∏—Å–ª–∏—Ç—Å—è –≤ —Ä–æ–∑—ã—Å–∫–µ,–û–≥—Ä–∞–Ω–∏—á–µ–Ω–∏–π –Ω–µ –æ–±–Ω–∞—Ä—É–∂–µ–Ω–æ
10,"–ü—Ä–æ–¥–∞–∂–∞ BMW M4, 2017 –≥–æ–¥ –≤ –ú–æ—Å–∫–≤–µ",5 890 000 ‚ÇΩ,"–±–µ–Ω–∑–∏–Ω, 3.0 –ª",46 270,–∫—É–ø–µ,–°–º–æ—Ç—Ä–µ—Ç—å –≤ '–î–≤–∏–≥–∞—Ç–µ–ª—å',–∑–∞–¥–Ω–∏–π,–ù–µ —É–∫–∞–∑–∞–Ω–æ –Ω–∞ –î—Ä–æ–º,–ú–æ—Å–∫–≤–∞ –∏ –ú–û,"–ò–¥–µ–∞–ª—å–Ω–æ–µ —Å–æ—Å—Ç–æ—è–Ω–∏–µ, –ø–æ–∫—É–ø–∞–ª—Å—è —É –æ—Ñ–∏—Ü–∏–∞–ª—å–Ω–æ–≥–æ –¥–∏–ª–µ—Ä–∞, –±–µ–∑ –î–¢–ü –≤ —Ä–æ–¥–Ω–æ–º –æ–∫—Ä–∞—Å–µ, –¥–≤–∞ –∫–ª—é—á–∞ , —Å—Ç–æ–∏—Ç –≤—ã—Ö–ª–æ–ø–Ω–∞—è —Å–∏—Å—Ç–µ–º–∞ Eisenmann —Å —Ç–∏—Ç–∞–Ω–æ–≤—ã–º–∏ –Ω–∞–∫–æ–Ω–µ—á–Ω–∏–∫–∞–º–∏ , –≤—Å–µ –¢.–û –ø–æ —Ä–µ–≥–ª–∞–º–µ–Ω—Ç—É. –†–æ–¥–Ω–æ–π –ø—Ä–æ–±–µ–≥ .–Ø –≤—Ç–æ—Ä–æ–π —Ö–æ–∑—è–∏–Ω , —Ä–æ–¥–Ω–æ–π –ø—Ç—Å .",https://moscow.drom.ru/bmw/m4/50401798.html,450 –ª.—Å.,—á–µ—Ä–Ω—ã–π,—Ä–æ–±–æ—Ç,–ª–µ–≤—ã–π,–•–∞—Ä–∞–∫—Ç–µ—Ä–∏—Å—Ç–∏–∫–∏ —Å–æ–≤–ø–∞–¥–∞—é—Ç —Å –ü–¢–°,2 –∑–∞–ø–∏—Å–∏ –æ —Ä–µ–≥–∏—Å—Ç—Ä–∞—Ü–∏–∏,–ù–µ —á–∏—Å–ª–∏—Ç—Å—è –≤ —Ä–æ–∑—ã—Å–∫–µ,–û–≥—Ä–∞–Ω–∏—á–µ–Ω–∏–π –Ω–µ –æ–±–Ω–∞—Ä—É–∂–µ–Ω–æ
11,"–ü—Ä–æ–¥–∞–∂–∞ Volkswagen Polo, 2012 –≥–æ–¥ –≤ –û–¥–∏–Ω—Ü–æ–≤–µ",600 000 ‚ÇΩ,"–±–µ–Ω–∑–∏–Ω, 1.6 –ª",107 000,—Å–µ–¥–∞–Ω,–°–º–æ—Ç—Ä–µ—Ç—å –≤ '–î–≤–∏–≥–∞—Ç–µ–ª—å',–ø–µ—Ä–µ–¥–Ω–∏–π,–ù–µ —É–∫–∞–∑–∞–Ω–æ –Ω–∞ –î—Ä–æ–º,–ú–æ—Å–∫–≤–∞ –∏ –ú–û,"–ú–∞—à–∏–Ω–∞ –ø–æ–ª–Ω–æ—Å—Ç—å—é –Ω–∞ —Ö–æ–¥—É, –≤–ª–æ–∂–µ–Ω–∏–π –Ω–µ —Ç—Ä–µ–±—É–µ—Ç",https://odintsovo.drom.ru/volkswagen/polo/50522432.html,105 –ª.—Å.,—Å–µ—Ä—ã–π,–º–µ—Ö–∞–Ω–∏–∫–∞,–ª–µ–≤—ã–π,–•–∞—Ä–∞–∫—Ç–µ—Ä–∏—Å—Ç–∏–∫–∏ —Å–æ–≤–ø–∞–¥–∞—é—Ç —Å –ü–¢–°,3 –∑–∞–ø–∏—Å–∏ –æ —Ä–µ–≥–∏—Å—Ç—Ä–∞—Ü–∏–∏,–ù–µ —á–∏—Å–ª–∏—Ç—Å—è –≤ —Ä–æ–∑—ã—Å–∫–µ,–û–≥—Ä–∞–Ω–∏—á–µ–Ω–∏–π –Ω–µ –æ–±–Ω–∞—Ä—É–∂–µ–Ω–æ
12,"–ü—Ä–æ–¥–∞–∂–∞ Audi 100, 1991 –≥–æ–¥ –≤ –ú–æ—Å–∫–≤–µ",180 000 ‚ÇΩ,"–±–µ–Ω–∑–∏–Ω, 2.3 –ª",425 000,—Å–µ–¥–∞–Ω,–°–º–æ—Ç—Ä–µ—Ç—å –≤ '–î–≤–∏–≥–∞—Ç–µ–ª—å',–ø–µ—Ä–µ–¥–Ω–∏–π,–ù–µ —É–∫–∞–∑–∞–Ω–æ –Ω–∞ –î—Ä–æ–º,–ú–æ—Å–∫–≤–∞ –∏ –ú–û,–ø–µ—Ä–µ–¥–Ω—è—è –ø–æ–¥–≤–µ—Å–∫–∞ —Ç—Ä–µ–±—É–µ—Ç –≤–ª–æ–∂–µ–Ω–∏–π,https://moscow.drom.ru/audi/100/50522593.html,133 –ª.—Å.,—á–µ—Ä–Ω—ã–π,–º–µ—Ö–∞–Ω–∏–∫–∞,–ª–µ–≤—ã–π,–•–∞—Ä–∞–∫—Ç–µ—Ä–∏—Å—Ç–∏–∫–∏ —Å–æ–≤–ø–∞–¥–∞—é—Ç —Å –ü–¢–°,7 –∑–∞–ø–∏—Å–µ–π –æ —Ä–µ–≥–∏—Å—Ç—Ä–∞—Ü–∏–∏,–ù–µ —á–∏—Å–ª–∏—Ç—Å—è –≤ —Ä–æ–∑—ã—Å–∫–µ,–û–≥—Ä–∞–Ω–∏—á–µ–Ω–∏–π –Ω–µ –æ–±–Ω–∞—Ä—É–∂–µ–Ω–æ
13,"–ü—Ä–æ–¥–∞–∂–∞ BMW 3-Series, 2016 –≥–æ–¥ –≤ –ú–æ—Å–∫–≤–µ",1 649 000 ‚ÇΩ,"–±–µ–Ω–∑–∏–Ω, 2.0 –ª",95 406,—Å–µ–¥–∞–Ω,–°–º–æ—Ç—Ä–µ—Ç—å –≤ '–î–≤–∏–≥–∞—Ç–µ–ª—å',4WD,–ù–µ —É–∫–∞–∑–∞–Ω–æ –Ω–∞ –î—Ä–æ–º,–ú–æ—Å–∫–≤–∞ –∏ –ú–û,"–ö–û–ú–ü–õ–ï–ö–¢–ê–¶–ò–Ø
–û–±–∑–æ—Ä: –ü—Ä–æ—Ç–∏–≤–æ—Ç—É–º–∞–Ω–Ω—ã–µ —Ñ–∞—Ä—ã, –°–≤–µ—Ç–æ–¥–∏–æ–¥–Ω—ã–µ —Ñ–∞—Ä—ã, –î–∞—Ç—á–∏–∫ –¥–æ–∂–¥—è, –î–∞—Ç—á–∏–∫ —Å–≤–µ—Ç–∞, –≠–ª–µ–∫—Ç—Ä–æ–æ–±–æ–≥—Ä–µ–≤ –∑–µ—Ä–∫–∞–ª, –°–∏—Å—Ç–µ–º–∞ –∞–¥–∞–ø—Ç–∏–≤–Ω–æ–≥–æ –æ—Å–≤–µ—â–µ–Ω–∏—è, –≠–ª–µ–∫—Ç—Ä–æ–æ–±–æ–≥—Ä–µ–≤ –ª–æ–±–æ–≤–æ–≥–æ —Å—Ç–µ–∫–ª–∞, –≠–ª–µ–∫—Ç—Ä–æ–æ–±–æ–≥—Ä–µ–≤ –∑–æ–Ω—ã —Å—Ç–µ–∫–ª–æ–æ—á–∏—Å—Ç–∏—Ç–µ–ª–µ–π;
–≠–ª–µ–º–µ–Ω—Ç—ã —ç–∫—Å—Ç–µ—Ä—å–µ—Ä–∞: –†–∞–∑–º–µ—Ä –¥–∏—Å–∫–æ–≤ - –î–∏—Å–∫–∏ 18, –¢–∏–ø –¥–∏—Å–∫–æ–≤ - –õ–µ–≥–∫–æ—Å–ø–ª–∞–≤–Ω—ã–µ –¥–∏—Å–∫–∏;
–ó–∞—â–∏—Ç–∞ –æ—Ç —É–≥–æ–Ω–∞: –ò–º–º–æ–±–∏–ª–∞–π–∑–µ—Ä, –¶–µ–Ω—Ç—Ä–∞–ª—å–Ω—ã–π –∑–∞–º–æ–∫, –°–∏–≥–Ω–∞–ª–∏–∑–∞—Ü–∏—è, –î–∞—Ç—á–∏–∫ –ø—Ä–æ–Ω–∏–∫–Ω–æ–≤–µ–Ω–∏—è –≤ —Å–∞–ª–æ–Ω (–¥–∞—Ç—á–∏–∫ –æ–±—ä–µ–º–∞);
–ú—É–ª—å—Ç–∏–º–µ–¥–∏–∞: AUX, USB, –ê—É–¥–∏–æ—Å–∏—Å—Ç–µ–º–∞, Bluetooth, –†–æ–∑–µ—Ç–∫–∞ 12V, –ù–∞–≤–∏–≥–∞—Ü–∏–æ–Ω–Ω–∞—è —Å–∏—Å—Ç–µ–º–∞, –ì–æ–ª–æ—Å–æ–≤–æ–µ —É–ø—Ä–∞–≤–ª–µ–Ω–∏–µ;
–°–∞–ª–æ–Ω: –ö–æ–º–±–∏–Ω–∏—Ä–æ–≤–∞–Ω–Ω—ã–π (–ú–∞—Ç–µ—Ä–∏–∞–ª —Å–∞–ª–æ–Ω–∞), –ö–æ–ª–∏—á–µ—Å—Ç–≤–æ –º–µ—Å—Ç: 5, –¶–≤–µ—Ç —Å–∞–ª–æ–Ω–∞ - –¢–µ–º–Ω—ã–π —Å–∞–ª–æ–Ω, –û—Ç–¥–µ–ª–∫–∞ –ø–æ—Ç–æ–ª–∫–∞ —á–µ—Ä–Ω–æ–π —Ç–∫–∞–Ω—å—é, –î–µ–∫–æ—Ä–∞—Ç–∏–≤–Ω—ã–µ –Ω–∞–∫–ª–∞–¥–∫–∏ –Ω–∞ –ø–µ–¥–∞–ª–∏, –¢–æ–Ω–∏—Ä–æ–≤–∞–Ω–Ω—ã–µ —Å—Ç–µ–∫–ª–∞, –û—Ç–¥–µ–ª–∫–∞ –∫–æ–∂–µ–π —Ä—É–ª–µ–≤–æ–≥–æ –∫–æ–ª–µ—Å–∞, –ù–∞–∫–ª–∞–¥–∫–∏ –Ω–∞ –ø–æ—Ä–æ–≥–∏, –ü–æ–¥–æ–≥—Ä–µ–≤ –ø–µ—Ä–µ–¥–Ω–∏—Ö —Å–∏–¥–µ–Ω–∏–π, –û—Ç–¥–µ–ª–∫–∞ –∫–æ–∂–µ–π —Ä—ã—á–∞–≥–∞ –ö–ü–ü, –°–∫–ª–∞–¥—ã–≤–∞—é—â–µ–µ—Å—è –∑–∞–¥–Ω–µ–µ —Å–∏–¥–µ–Ω–∏–µ, –¢—Ä–µ—Ç–∏–π –∑–∞–¥–Ω–∏–π –ø–æ–¥–≥–æ–ª–æ–≤–Ω–∏–∫, –ü–µ—Ä–µ–¥–Ω–∏–π —Ü–µ–Ω—Ç—Ä–∞–ª—å–Ω—ã–π –ø–æ–¥–ª–æ–∫–æ—Ç–Ω–∏–∫, –†–µ–≥—É–ª–∏—Ä–æ–≤–∫–∞ —Å–∏–¥–µ–Ω–∏–π –ø–æ –≤—ã—Å–æ—Ç–µ - –†–µ–≥—É–ª–∏—Ä–æ–≤–∫–∞ –ø–µ—Ä–µ–¥–Ω–∏—Ö —Å–∏–¥–µ–Ω–∏–π –ø–æ –≤—ã—Å–æ—Ç–µ;
–ö–æ–º—Ñ–æ—Ä—Ç: –ö–æ–Ω–¥–∏—Ü–∏–æ–Ω–µ—Ä - –ö–ª–∏–º–∞—Ç-–∫–æ–Ω—Ç—Ä–æ–ª—å 2-–∑–æ–Ω–Ω—ã–π, –ë–æ—Ä—Ç–æ–≤–æ–π –∫–æ–º–ø—å—é—Ç–µ—Ä, –û—Ö–ª–∞–∂–¥–∞–µ–º—ã–π –ø–µ—Ä—á–∞—Ç–æ—á–Ω—ã–π —è—â–∏–∫, –ú—É–ª—å—Ç–∏—Ñ—É–Ω–∫—Ü–∏–æ–Ω–∞–ª—å–Ω–æ–µ —Ä—É–ª–µ–≤–æ–µ –∫–æ–ª–µ—Å–æ, –ó–∞–ø—É—Å–∫ –¥–≤–∏–≥–∞—Ç–µ–ª—è —Å –∫–Ω–æ–ø–∫–∏, –ü–∞—Ä–∫—Ç—Ä–æ–Ω–∏–∫ –ø–µ—Ä–µ–¥–Ω–∏–π, –ü–∞—Ä–∫—Ç—Ä–æ–Ω–∏–∫ –∑–∞–¥–Ω–∏–π, –ö—Ä—É–∏–∑-–∫–æ–Ω—Ç—Ä–æ–ª—å, –£—Å–∏–ª–∏—Ç–µ–ª—å —Ä—É–ª—è, –≠–ª–µ–∫—Ç—Ä–æ–ø—Ä–∏–≤–æ–¥ –∑–µ—Ä–∫–∞–ª, –≠–ª–µ–∫—Ç—Ä–æ—Å—Ç–µ–∫–ª–æ–ø–æ–¥—ä—ë–º–Ω–∏–∫–∏ –∑–∞–¥–Ω–∏–µ, –°–∏—Å—Ç–µ–º–∞ ¬´—Å—Ç–∞—Ä—Ç-—Å—Ç–æ–ø¬ª, –≠–ª–µ–∫—Ç—Ä–æ—Å—Ç–µ–∫–ª–æ–ø–æ–¥—ä—ë–º–Ω–∏–∫–∏ –ø–µ—Ä–µ–¥–Ω–∏–µ, –†–µ–≥—É–ª–∏—Ä–æ–≤–∫–∞ —Ä—É–ª—è –ø–æ –≤—ã—Å–æ—Ç–µ, –†–µ–≥—É–ª–∏—Ä–æ–≤–∫–∞ —Ä—É–ª—è –ø–æ –≤—ã–ª–µ—Ç—É, –ü—Ä–∏–∫—É—Ä–∏–≤–∞—Ç–µ–ª—å –∏ –ø–µ–ø–µ–ª—å–Ω–∏—Ü–∞;
–ë–µ–∑–æ–ø–∞—Å–Ω–æ—Å—Ç—å: –ê–Ω—Ç–∏–±–ª–æ–∫–∏—Ä–æ–≤–æ—á–Ω–∞—è —Å–∏—Å—Ç–µ–º–∞ (ABS), –ê–Ω—Ç–∏–ø—Ä–æ–±—É–∫—Å–æ–≤–æ—á–Ω–∞—è —Å–∏—Å—Ç–µ–º–∞ (ASR), –°–∏—Å—Ç–µ–º–∞ –ø–æ–º–æ—â–∏ –ø—Ä–∏ —Ç–æ—Ä–º–æ–∂–µ–Ω–∏–∏, –°–∏—Å—Ç–µ–º–∞ —Å—Ç–∞–±–∏–ª–∏–∑–∞—Ü–∏–∏, –°–∏—Å—Ç–µ–º–∞ –ø–æ–º–æ—â–∏ –ø—Ä–∏ —Å—Ç–∞—Ä—Ç–µ –≤ –≥–æ—Ä—É, –ö—Ä–µ–ø–ª–µ–Ω–∏–µ –¥–ª—è –¥–µ—Ç—Å–∫–æ–≥–æ –∫—Ä–µ—Å–ª–∞ (–∑–∞–¥–Ω–∏–π —Ä—è–¥), –ü–æ–¥—É—à–∫–∏ –±–µ–∑–æ–ø–∞—Å–Ω–æ—Å—Ç–∏ –±–æ–∫–æ–≤—ã–µ, –ö—Ä–µ–ø–ª–µ–Ω–∏–µ –¥–ª—è –¥–µ—Ç—Å–∫–æ–≥–æ –∫—Ä–µ—Å–ª–∞ (–ø–µ—Ä–µ–¥–Ω–∏–π —Ä—è–¥), –ü–æ–¥—É—à–∫–∞ –±–µ–∑–æ–ø–∞—Å–Ω–æ—Å—Ç–∏ –≤–æ–¥–∏—Ç–µ–ª—è, –î–∞—Ç—á–∏–∫ –¥–∞–≤–ª–µ–Ω–∏—è –≤ —à–∏–Ω–∞—Ö, –ü–æ–¥—É—à–∫–∏ –±–µ–∑–æ–ø–∞—Å–Ω–æ—Å—Ç–∏ –æ–∫–æ–Ω–Ω—ã–µ (—à—Ç–æ—Ä–∫–∏), –ü–æ–¥—É—à–∫–∞ –±–µ–∑–æ–ø–∞—Å–Ω–æ—Å—Ç–∏ –ø–∞—Å—Å–∞–∂–∏—Ä–∞, –ë–ª–æ–∫–∏—Ä–æ–≤–∫–∞ –∑–∞–º–∫–æ–≤ –∑–∞–¥–Ω–∏—Ö –¥–≤–µ—Ä–µ–π;
–ü—Ä–æ—á–µ–µ: –ü–æ–ª–Ω–æ—Ä–∞–∑–º–µ—Ä–Ω–æ–µ –∑–∞–ø–∞—Å–Ω–æ–µ –∫–æ–ª–µ—Å–æ, –ó–∞—â–∏—Ç–∞ –∫–∞—Ä—Ç–µ—Ä–∞, –°–ø–æ—Ä—Ç–∏–≤–Ω–∞—è –ø–æ–¥–≤–µ—Å–∫–∞.

–ü–æ–ª—É—á–∏—Ç–µ –¥–æ–ø–æ–ª–Ω–∏—Ç–µ–ª—å–Ω—É—é —Å–∫–∏–¥–∫—É –¥–æ 300 000 —Ä—É–±–ª–µ–π –ø—Ä–∏ –ø–æ–∫—É–ø–∫–µ –∞–≤—Ç–æ–º–æ–±–∏–ª—è –≤ –∫—Ä–µ–¥–∏—Ç!

–ü—Ä–µ–∏–º—É—â–µ—Å—Ç–≤–∞ –¥–∞–Ω–Ω–æ–≥–æ –∞–≤—Ç–æ:
¬∑ M-–ø–∞–∫–µ—Ç
¬∑ –°–≤–µ—Ç–æ–¥–∏–æ–¥–Ω–∞—è –æ–ø—Ç–∏–∫–∞
¬∑ –î–≤—É–∑–æ–Ω–Ω—ã–π –∫–ª–∏–º–∞—Ç –∫–æ–Ω—Ç—Ä–æ–ª—å
¬∑ –ö–æ–º–±–∏–Ω–∏—Ä–æ–≤–∞–Ω–Ω—ã–µ —Å–∏–¥–µ–Ω—å—è
¬∑ –û—Ç–¥–µ–ª–∫–∞ –ø–æ—Ç–æ–ª–∫–∞ —á–µ—Ä–Ω–æ–π —Ç–∫–∞–Ω—å—é
¬∑ –°–∏—Å—Ç–µ–º–∞ –¥–æ—Å—Ç—É–ø–∞ –±–µ–∑ –∫–ª—é—á–∞
¬∑ –°–∏—Å—Ç–µ–º–∞ —Å—Ç–∞—Ä—Ç/—Å—Ç–æ–ø
¬∑ –°–ø–æ—Ä—Ç–∏–≤–Ω–∞—è –ø–æ–¥–≤–µ—Å–∫–∞ –∏ –º–Ω–æ–≥–æ–µ –¥—Ä—É–≥–æ–µ!

‚ùó –í—Å–µ –∑–∞—è–≤–ª–µ–Ω–Ω—ã–µ –∞–≤—Ç–æ–º–æ–±–∏–ª–∏ –Ω–∞—Ö–æ–¥—è—Ç—Å—è –≤ –Ω–∞–ª–∏—á–∏–∏.
‚ùó –ß–µ—Å—Ç–Ω—ã–µ —Ü–µ–Ω—ã.
‚ùó –ë–µ–∑ —Å–∫—Ä—ã—Ç—ã—Ö –∫–æ–º–∏—Å—Å–∏–π.
‚ùó –í—ã–≥–æ–¥–∞ –ø–æ –ø—Ä–æ–≥—Ä–∞–º–º–µ Trade-In –¥–æ 100 —Ç—ã—Å—è—á —Ä—É–±–ª–µ–π. *



–£—Å–ª–æ–≤–∏—è –ø—Ä–∏ –ø–æ–∫—É–ø–∫–µ –∞–≤—Ç–æ–º–æ–±–∏–ª—è –≤ –∫—Ä–µ–¥–∏—Ç:

–°—Ç–∞–≤–∫–∞ –æ—Ç 4.9% –≥–æ–¥–æ–≤—ã—Ö;
–ü–µ—Ä–≤–æ–Ω–∞—á–∞–ª—å–Ω—ã–π –≤–∑–Ω–æ—Å –æ—Ç 0%;
–û—Ñ–æ—Ä–º–ª–µ–Ω–∏–µ –ø–æ –¥–≤—É–º –¥–æ–∫—É–º–µ–Ω—Ç–∞–º;
–°—Ä–æ–∫ –∫—Ä–µ–¥–∏—Ç–æ–≤–∞–Ω–∏—è –æ—Ç 6 –º–µ—Å—è—Ü–µ–≤ –¥–æ 7 –ª–µ—Ç;
–ë–µ–∑ –æ—Ñ–æ—Ä–º–ª–µ–Ω–∏—è –ö–ê–°–ö–û;

–ü—Ä–∏ –ø–æ–∫—É–ø–∫–µ –∞–≤—Ç–æ–º–æ–±–∏–ª—è –∫–∞–∂–¥—ã–π –∫–ª–∏–µ–Ω—Ç –ø–æ–ª—É—á–∞–µ—Ç –ø–æ–¥–∞—Ä–æ–∫ –Ω–∞ –≤—ã–±–æ—Ä:

üî• –ö–æ–º–ø–ª–µ–∫—Ç —Ä–µ–∑–∏–Ω—ã.
üî• –ü–æ–ª–Ω–æ–µ –∫–æ–º–ø–ª–µ–∫—Å–Ω–æ–µ –¢–û.
üî• –°—Ç—Ä–∞—Ö–æ–≤–æ–π –ø–æ–ª–∏—Å –û–°–ê–ì–û —Å—Ä–æ–∫–æ–º –Ω–∞ 3 –º–µ—Å—è—Ü–∞.

–ü—Ä–∏–≥–ª–∞—à–∞–µ–º –Ω–∞ –±–µ—Å–ø–ª–∞—Ç–Ω—ã–π —Ç–µ—Å—Ç-–¥—Ä–∞–π–≤! –ü–æ–¥—Ä–æ–±–Ω—É—é –∏–Ω—Ñ–æ—Ä–º–∞—Ü–∏—é –º–æ–∂–Ω–æ –ø–æ–ª—É—á–∏—Ç—å —É —Å–ø–µ—Ü–∏–∞–ª–∏—Å—Ç–æ–≤ –∞–≤—Ç–æ—Ü–µ–Ω—Ç—Ä–∞ –ø–æ —Ç–µ–ª–µ—Ñ–æ–Ω—É.
–ú—ã —Ä–∞–±–æ—Ç–∞–µ–º –¥–æ –ø–æ—Å–ª–µ–¥–Ω–µ–≥–æ –∫–ª–∏–µ–Ω—Ç–∞.

* –î–∞–Ω–Ω—ã–µ —Å–∫–∏–¥–∫–∏ –ø—Ä–∏–º–µ–Ω—è—é—Ç—Å—è –≤ –∑–∞–≤–∏—Å–∏–º–æ—Å—Ç–∏ –æ—Ç —É—Å–ª–æ–≤–∏–π –ø–æ–∫—É–ø–∫–∏. –í—Å–µ –ø–æ–¥—Ä–æ–±–Ω–æ—Å—Ç–∏ —É—Ç–æ—á–Ω—è–π—Ç–µ —É –º–µ–Ω–µ–¥–∂–µ—Ä–æ–≤ –∞–≤—Ç–æ—Å–∞–ª–æ–Ω–∞.",https://moscow.drom.ru/bmw/3-series/49699895.html,184 –ª.—Å.,—á–µ—Ä–Ω—ã–π,–ê–ö–ü–ü,–ª–µ–≤—ã–π,–•–∞—Ä–∞–∫—Ç–µ—Ä–∏—Å—Ç–∏–∫–∏ —Å–æ–≤–ø–∞–¥–∞—é—Ç —Å –ü–¢–°,3 –∑–∞–ø–∏—Å–∏ –æ —Ä–µ–≥–∏—Å—Ç—Ä–∞—Ü–∏–∏,–ù–µ —á–∏—Å–ª–∏—Ç—Å—è –≤ —Ä–æ–∑—ã—Å–∫–µ,–û–≥—Ä–∞–Ω–∏—á–µ–Ω–∏–π –Ω–µ –æ–±–Ω–∞—Ä—É–∂–µ–Ω–æ
14,"–ü—Ä–æ–¥–∞–∂–∞ Mazda Mazda6, 2008 –≥–æ–¥ –≤ –ú–æ—Å–∫–≤–µ",649 000 ‚ÇΩ,"–±–µ–Ω–∑–∏–Ω, 2.0 –ª",153 578,—Å–µ–¥–∞–Ω,–°–º–æ—Ç—Ä–µ—Ç—å –≤ '–î–≤–∏–≥–∞—Ç–µ–ª—å',–ø–µ—Ä–µ–¥–Ω–∏–π,–ù–µ —É–∫–∞–∑–∞–Ω–æ –Ω–∞ –î—Ä–æ–º,–ú–æ—Å–∫–≤–∞ –∏ –ú–û,"–ö–û–ú–ü–õ–ï–ö–¢–ê–¶–ò–Ø
–û–±–∑–æ—Ä: –ü—Ä–æ—Ç–∏–≤–æ—Ç—É–º–∞–Ω–Ω—ã–µ —Ñ–∞—Ä—ã, –ö—Å–µ–Ω–æ–Ω–æ–≤—ã–µ/–ë–∏–∫—Å–µ–Ω–æ–Ω–æ–≤—ã–µ —Ñ–∞—Ä—ã, –î–∞—Ç—á–∏–∫ –¥–æ–∂–¥—è, –î–∞—Ç—á–∏–∫ —Å–≤–µ—Ç–∞, –≠–ª–µ–∫—Ç—Ä–æ–æ–±–æ–≥—Ä–µ–≤ –∑–µ—Ä–∫–∞–ª, –û–º—ã–≤–∞—Ç–µ–ª—å —Ñ–∞—Ä, –≠–ª–µ–∫—Ç—Ä–æ–æ–±–æ–≥—Ä–µ–≤ –∑–æ–Ω—ã —Å—Ç–µ–∫–ª–æ–æ—á–∏—Å—Ç–∏—Ç–µ–ª–µ–π, –≠–ª–µ–∫—Ç—Ä–æ–æ–±–æ–≥—Ä–µ–≤ —Ñ–æ—Ä—Å—É–Ω–æ–∫ —Å—Ç–µ–∫–ª–æ–æ–º—ã–≤–∞—Ç–µ–ª–µ–π;
–≠–ª–µ–º–µ–Ω—Ç—ã —ç–∫—Å—Ç–µ—Ä—å–µ—Ä–∞: –†–∞–∑–º–µ—Ä –¥–∏—Å–∫–æ–≤ - –î–∏—Å–∫–∏ 16, –¢–∏–ø –¥–∏—Å–∫–æ–≤ - –õ–µ–≥–∫–æ—Å–ø–ª–∞–≤–Ω—ã–µ –¥–∏—Å–∫–∏, –î–µ–∫–æ—Ä–∞—Ç–∏–≤–Ω—ã–µ –º–æ–ª–¥–∏–Ω–≥–∏;
–ó–∞—â–∏—Ç–∞ –æ—Ç —É–≥–æ–Ω–∞: –ò–º–º–æ–±–∏–ª–∞–π–∑–µ—Ä, –¶–µ–Ω—Ç—Ä–∞–ª—å–Ω—ã–π –∑–∞–º–æ–∫, –°–∏–≥–Ω–∞–ª–∏–∑–∞—Ü–∏—è, –î–∞—Ç—á–∏–∫ –ø—Ä–æ–Ω–∏–∫–Ω–æ–≤–µ–Ω–∏—è –≤ —Å–∞–ª–æ–Ω (–¥–∞—Ç—á–∏–∫ –æ–±—ä–µ–º–∞);
–ú—É–ª—å—Ç–∏–º–µ–¥–∏–∞: AUX, USB, –ê—É–¥–∏–æ—Å–∏—Å—Ç–µ–º–∞, Bluetooth, –†–æ–∑–µ—Ç–∫–∞ 12V;
–°–∞–ª–æ–Ω: –ö–æ–º–±–∏–Ω–∏—Ä–æ–≤–∞–Ω–Ω—ã–π (–ú–∞—Ç–µ—Ä–∏–∞–ª —Å–∞–ª–æ–Ω–∞), –ö–æ–ª–∏—á–µ—Å—Ç–≤–æ –º–µ—Å—Ç: 5, –¶–≤–µ—Ç —Å–∞–ª–æ–Ω–∞ - –¢–µ–º–Ω—ã–π —Å–∞–ª–æ–Ω, –î–µ–∫–æ—Ä–∞—Ç–∏–≤–Ω—ã–µ –Ω–∞–∫–ª–∞–¥–∫–∏ –Ω–∞ –ø–µ–¥–∞–ª–∏, –¢–æ–Ω–∏—Ä–æ–≤–∞–Ω–Ω—ã–µ —Å—Ç–µ–∫–ª–∞, –û—Ç–¥–µ–ª–∫–∞ –∫–æ–∂–µ–π —Ä—É–ª–µ–≤–æ–≥–æ –∫–æ–ª–µ—Å–∞, –ù–∞–∫–ª–∞–¥–∫–∏ –Ω–∞ –ø–æ—Ä–æ–≥–∏, –ü–æ–¥–æ–≥—Ä–µ–≤ –ø–µ—Ä–µ–¥–Ω–∏—Ö —Å–∏–¥–µ–Ω–∏–π, –û—Ç–¥–µ–ª–∫–∞ –∫–æ–∂–µ–π —Ä—ã—á–∞–≥–∞ –ö–ü–ü, –°–∫–ª–∞–¥—ã–≤–∞—é—â–µ–µ—Å—è –∑–∞–¥–Ω–µ–µ —Å–∏–¥–µ–Ω–∏–µ, –¢—Ä–µ—Ç–∏–π –∑–∞–¥–Ω–∏–π –ø–æ–¥–≥–æ–ª–æ–≤–Ω–∏–∫, –ü–µ—Ä–µ–¥–Ω–∏–π —Ü–µ–Ω—Ç—Ä–∞–ª—å–Ω—ã–π –ø–æ–¥–ª–æ–∫–æ—Ç–Ω–∏–∫, –†–µ–≥—É–ª–∏—Ä–æ–≤–∫–∞ —Å–∏–¥–µ–Ω–∏–π –ø–æ –≤—ã—Å–æ—Ç–µ - –†–µ–≥—É–ª–∏—Ä–æ–≤–∫–∞ –ø–µ—Ä–µ–¥–Ω–∏—Ö —Å–∏–¥–µ–Ω–∏–π –ø–æ –≤—ã—Å–æ—Ç–µ;
–ö–æ–º—Ñ–æ—Ä—Ç: –ö–æ–Ω–¥–∏—Ü–∏–æ–Ω–µ—Ä - –ö–ª–∏–º–∞—Ç-–∫–æ–Ω—Ç—Ä–æ–ª—å 2-–∑–æ–Ω–Ω—ã–π, –ë–æ—Ä—Ç–æ–≤–æ–π –∫–æ–º–ø—å—é—Ç–µ—Ä, –û—Ö–ª–∞–∂–¥–∞–µ–º—ã–π –ø–µ—Ä—á–∞—Ç–æ—á–Ω—ã–π —è—â–∏–∫, –ú—É–ª—å—Ç–∏—Ñ—É–Ω–∫—Ü–∏–æ–Ω–∞–ª—å–Ω–æ–µ —Ä—É–ª–µ–≤–æ–µ –∫–æ–ª–µ—Å–æ, –≠–ª–µ–∫—Ç—Ä–æ—Å–∫–ª–∞–¥—ã–≤–∞–Ω–∏–µ –∑–µ—Ä–∫–∞–ª, –ü–∞—Ä–∫—Ç—Ä–æ–Ω–∏–∫ –∑–∞–¥–Ω–∏–π, –ö—Ä—É–∏–∑-–∫–æ–Ω—Ç—Ä–æ–ª—å, –£—Å–∏–ª–∏—Ç–µ–ª—å —Ä—É–ª—è, –≠–ª–µ–∫—Ç—Ä–æ–ø—Ä–∏–≤–æ–¥ –∑–µ—Ä–∫–∞–ª, –≠–ª–µ–∫—Ç—Ä–æ—Å—Ç–µ–∫–ª–æ–ø–æ–¥—ä—ë–º–Ω–∏–∫–∏ –∑–∞–¥–Ω–∏–µ, –≠–ª–µ–∫—Ç—Ä–æ—Å—Ç–µ–∫–ª–æ–ø–æ–¥—ä—ë–º–Ω–∏–∫–∏ –ø–µ—Ä–µ–¥–Ω–∏–µ, –†–µ–≥—É–ª–∏—Ä–æ–≤–∫–∞ —Ä—É–ª—è –ø–æ –≤—ã—Å–æ—Ç–µ, –†–µ–≥—É–ª–∏—Ä–æ–≤–∫–∞ —Ä—É–ª—è –ø–æ –≤—ã–ª–µ—Ç—É, –ü—Ä–∏–∫—É—Ä–∏–≤–∞—Ç–µ–ª—å –∏ –ø–µ–ø–µ–ª—å–Ω–∏—Ü–∞;
–ë–µ–∑–æ–ø–∞—Å–Ω–æ—Å—Ç—å: –ê–Ω—Ç–∏–±–ª–æ–∫–∏—Ä–æ–≤–æ—á–Ω–∞—è —Å–∏—Å—Ç–µ–º–∞ (ABS), –ê–Ω—Ç–∏–ø—Ä–æ–±—É–∫—Å–æ–≤–æ—á–Ω–∞—è —Å–∏—Å—Ç–µ–º–∞ (ASR), –°–∏—Å—Ç–µ–º–∞ –ø–æ–º–æ—â–∏ –ø—Ä–∏ —Ç–æ—Ä–º–æ–∂–µ–Ω–∏–∏, –°–∏—Å—Ç–µ–º–∞ —Å—Ç–∞–±–∏–ª–∏–∑–∞—Ü–∏–∏, –ö—Ä–µ–ø–ª–µ–Ω–∏–µ –¥–ª—è –¥–µ—Ç—Å–∫–æ–≥–æ –∫—Ä–µ—Å–ª–∞ (–∑–∞–¥–Ω–∏–π —Ä—è–¥), –ü–æ–¥—É—à–∫–∏ –±–µ–∑–æ–ø–∞—Å–Ω–æ—Å—Ç–∏ –±–æ–∫–æ–≤—ã–µ, –ö—Ä–µ–ø–ª–µ–Ω–∏–µ –¥–ª—è –¥–µ—Ç—Å–∫–æ–≥–æ –∫—Ä–µ—Å–ª–∞ (–ø–µ—Ä–µ–¥–Ω–∏–π —Ä—è–¥), –ü–æ–¥—É—à–∫–∞ –±–µ–∑–æ–ø–∞—Å–Ω–æ—Å—Ç–∏ –≤–æ–¥–∏—Ç–µ–ª—è, –ü–æ–¥—É—à–∫–∞ –±–µ–∑–æ–ø–∞—Å–Ω–æ—Å—Ç–∏ –ø–∞—Å—Å–∞–∂–∏—Ä–∞, –ü–æ–¥—É—à–∫–∏ –±–µ–∑–æ–ø–∞—Å–Ω–æ—Å—Ç–∏ –±–æ–∫–æ–≤—ã–µ –∑–∞–¥–Ω–∏–µ, –ë–ª–æ–∫–∏—Ä–æ–≤–∫–∞ –∑–∞–º–∫–æ–≤ –∑–∞–¥–Ω–∏—Ö –¥–≤–µ—Ä–µ–π;
–ü—Ä–æ—á–µ–µ: –ü–æ–ª–Ω–æ—Ä–∞–∑–º–µ—Ä–Ω–æ–µ –∑–∞–ø–∞—Å–Ω–æ–µ –∫–æ–ª–µ—Å–æ, –ó–∞—â–∏—Ç–∞ –∫–∞—Ä—Ç–µ—Ä–∞.

–ü–æ–ª—É—á–∏—Ç–µ –¥–æ–ø–æ–ª–Ω–∏—Ç–µ–ª—å–Ω—É—é —Å–∫–∏–¥–∫—É –¥–æ 100 000 —Ä—É–±–ª–µ–π –ø—Ä–∏ –ø–æ–∫—É–ø–∫–µ –∞–≤—Ç–æ–º–æ–±–∏–ª—è –≤ –∫—Ä–µ–¥–∏—Ç!

‚ùó –í—Å–µ –∑–∞—è–≤–ª–µ–Ω–Ω—ã–µ –∞–≤—Ç–æ–º–æ–±–∏–ª–∏ –Ω–∞—Ö–æ–¥—è—Ç—Å—è –≤ –Ω–∞–ª–∏—á–∏–∏.
‚ùó –ß–µ—Å—Ç–Ω—ã–µ —Ü–µ–Ω—ã.
‚ùó –ë–µ–∑ —Å–∫—Ä—ã—Ç—ã—Ö –∫–æ–º–∏—Å—Å–∏–π.
‚ùó –í—ã–≥–æ–¥–∞ –ø–æ –ø—Ä–æ–≥—Ä–∞–º–º–µ Trade-In –¥–æ 100 —Ç—ã—Å—è—á —Ä—É–±–ª–µ–π. *



–£—Å–ª–æ–≤–∏—è –ø—Ä–∏ –ø–æ–∫—É–ø–∫–µ –∞–≤—Ç–æ–º–æ–±–∏–ª—è –≤ –∫—Ä–µ–¥–∏—Ç:

–°—Ç–∞–≤–∫–∞ –æ—Ç 4.9% –≥–æ–¥–æ–≤—ã—Ö;
–ü–µ—Ä–≤–æ–Ω–∞—á–∞–ª—å–Ω—ã–π –≤–∑–Ω–æ—Å –æ—Ç 0%;
–û—Ñ–æ—Ä–º–ª–µ–Ω–∏–µ –ø–æ –¥–≤—É–º –¥–æ–∫—É–º–µ–Ω—Ç–∞–º;
–°—Ä–æ–∫ –∫—Ä–µ–¥–∏—Ç–æ–≤–∞–Ω–∏—è –æ—Ç 6 –º–µ—Å—è—Ü–µ–≤ –¥–æ 7 –ª–µ—Ç;
–ë–µ–∑ –æ—Ñ–æ—Ä–º–ª–µ–Ω–∏—è –ö–ê–°–ö–û;

–ü—Ä–∏ –ø–æ–∫—É–ø–∫–µ –∞–≤—Ç–æ–º–æ–±–∏–ª—è –∫–∞–∂–¥—ã–π –∫–ª–∏–µ–Ω—Ç –ø–æ–ª—É—á–∞–µ—Ç –ø–æ–¥–∞—Ä–æ–∫ –Ω–∞ –≤—ã–±–æ—Ä:

üî• –ö–æ–º–ø–ª–µ–∫—Ç —Ä–µ–∑–∏–Ω—ã.
üî• –ü–æ–ª–Ω–æ–µ –∫–æ–º–ø–ª–µ–∫—Å–Ω–æ–µ –¢–û.
üî• –°—Ç—Ä–∞—Ö–æ–≤–æ–π –ø–æ–ª–∏—Å –û–°–ê–ì–û —Å—Ä–æ–∫–æ–º –Ω–∞ 3 –º–µ—Å—è—Ü–∞.

–ü—Ä–∏–≥–ª–∞—à–∞–µ–º –Ω–∞ –±–µ—Å–ø–ª–∞—Ç–Ω—ã–π —Ç–µ—Å—Ç-–¥—Ä–∞–π–≤! –ü–æ–¥—Ä–æ–±–Ω—É—é –∏–Ω—Ñ–æ—Ä–º–∞—Ü–∏—é –º–æ–∂–Ω–æ –ø–æ–ª—É—á–∏—Ç—å —É —Å–ø–µ—Ü–∏–∞–ª–∏—Å—Ç–æ–≤ –∞–≤—Ç–æ—Ü–µ–Ω—Ç—Ä–∞ –ø–æ —Ç–µ–ª–µ—Ñ–æ–Ω—É.
–ú—ã —Ä–∞–±–æ—Ç–∞–µ–º –¥–æ –ø–æ—Å–ª–µ–¥–Ω–µ–≥–æ –∫–ª–∏–µ–Ω—Ç–∞.

* –î–∞–Ω–Ω—ã–µ —Å–∫–∏–¥–∫–∏ –ø—Ä–∏–º–µ–Ω—è—é—Ç—Å—è –≤ –∑–∞–≤–∏—Å–∏–º–æ—Å—Ç–∏ –æ—Ç —É—Å–ª–æ–≤–∏–π –ø–æ–∫—É–ø–∫–∏. –í—Å–µ –ø–æ–¥—Ä–æ–±–Ω–æ—Å—Ç–∏ —É—Ç–æ—á–Ω—è–π—Ç–µ —É –º–µ–Ω–µ–¥–∂–µ—Ä–æ–≤ –∞–≤—Ç–æ—Å–∞–ª–æ–Ω–∞.",https://moscow.drom.ru/mazda/mazda6/49450911.html,147 –ª.—Å.,—Ñ–∏–æ–ª–µ—Ç–æ–≤—ã–π,–ê–ö–ü–ü,–ª–µ–≤—ã–π,–•–∞—Ä–∞–∫—Ç–µ—Ä–∏—Å—Ç–∏–∫–∏ —Å–æ–≤–ø–∞–¥–∞—é—Ç —Å –ü–¢–°,9 –∑–∞–ø–∏—Å–µ–π –æ —Ä–µ–≥–∏—Å—Ç—Ä–∞—Ü–∏–∏,–ù–µ —á–∏—Å–ª–∏—Ç—Å—è –≤ —Ä–æ–∑—ã—Å–∫–µ,–û–≥—Ä–∞–Ω–∏—á–µ–Ω–∏–π –Ω–µ –æ–±–Ω–∞—Ä—É–∂–µ–Ω–æ
15,"–ü—Ä–æ–¥–∞–∂–∞ Audi A6, 2011 –≥–æ–¥ –≤ –ú–æ—Å–∫–≤–µ",1 149 000 ‚ÇΩ,"–±–µ–Ω–∑–∏–Ω, 3.0 –ª",138 687,—Å–µ–¥–∞–Ω,–°–º–æ—Ç—Ä–µ—Ç—å –≤ '–î–≤–∏–≥–∞—Ç–µ–ª—å',4WD,–ù–µ —É–∫–∞–∑–∞–Ω–æ –Ω–∞ –î—Ä–æ–º,–ú–æ—Å–∫–≤–∞ –∏ –ú–û,"–ö–û–ú–ü–õ–ï–ö–¢–ê–¶–ò–Ø
–û–±–∑–æ—Ä: –°–≤–µ—Ç–æ–¥–∏–æ–¥–Ω—ã–µ —Ñ–∞—Ä—ã, –î–∞—Ç—á–∏–∫ –¥–æ–∂–¥—è, –î–∞—Ç—á–∏–∫ —Å–≤–µ—Ç–∞, –≠–ª–µ–∫—Ç—Ä–æ–æ–±–æ–≥—Ä–µ–≤ –∑–µ—Ä–∫–∞–ª, –û–º—ã–≤–∞—Ç–µ–ª—å —Ñ–∞—Ä, –≠–ª–µ–∫—Ç—Ä–æ–æ–±–æ–≥—Ä–µ–≤ –∑–æ–Ω—ã —Å—Ç–µ–∫–ª–æ–æ—á–∏—Å—Ç–∏—Ç–µ–ª–µ–π, –≠–ª–µ–∫—Ç—Ä–æ–æ–±–æ–≥—Ä–µ–≤ —Ñ–æ—Ä—Å—É–Ω–æ–∫ —Å—Ç–µ–∫–ª–æ–æ–º—ã–≤–∞—Ç–µ–ª–µ–π, –ê–≤—Ç–æ–º–∞—Ç–∏—á–µ—Å–∫–∏–π –∫–æ—Ä—Ä–µ–∫—Ç–æ—Ä —Ñ–∞—Ä;
–≠–ª–µ–º–µ–Ω—Ç—ã —ç–∫—Å—Ç–µ—Ä—å–µ—Ä–∞: –†–∞–∑–º–µ—Ä –¥–∏—Å–∫–æ–≤ - –î–∏—Å–∫–∏ 17, –¢–∏–ø –¥–∏—Å–∫–æ–≤ - –õ–µ–≥–∫–æ—Å–ø–ª–∞–≤–Ω—ã–µ –¥–∏—Å–∫–∏, –î–µ–∫–æ—Ä–∞—Ç–∏–≤–Ω—ã–µ –º–æ–ª–¥–∏–Ω–≥–∏;
–ó–∞—â–∏—Ç–∞ –æ—Ç —É–≥–æ–Ω–∞: –ò–º–º–æ–±–∏–ª–∞–π–∑–µ—Ä, –¶–µ–Ω—Ç—Ä–∞–ª—å–Ω—ã–π –∑–∞–º–æ–∫, –°–∏–≥–Ω–∞–ª–∏–∑–∞—Ü–∏—è, –î–∞—Ç—á–∏–∫ –ø—Ä–æ–Ω–∏–∫–Ω–æ–≤–µ–Ω–∏—è –≤ —Å–∞–ª–æ–Ω (–¥–∞—Ç—á–∏–∫ –æ–±—ä–µ–º–∞);
–ú—É–ª—å—Ç–∏–º–µ–¥–∏–∞: AUX, USB, –ê—É–¥–∏–æ—Å–∏—Å—Ç–µ–º–∞, Bluetooth, –†–æ–∑–µ—Ç–∫–∞ 12V, –ù–∞–≤–∏–≥–∞—Ü–∏–æ–Ω–Ω–∞—è —Å–∏—Å—Ç–µ–º–∞, –ì–æ–ª–æ—Å–æ–≤–æ–µ —É–ø—Ä–∞–≤–ª–µ–Ω–∏–µ;
–°–∞–ª–æ–Ω: –ö–æ–∂–∞ (–ú–∞—Ç–µ—Ä–∏–∞–ª —Å–∞–ª–æ–Ω–∞), –ö–æ–ª–∏—á–µ—Å—Ç–≤–æ –º–µ—Å—Ç: 5, –¶–≤–µ—Ç —Å–∞–ª–æ–Ω–∞ - –¢–µ–º–Ω—ã–π —Å–∞–ª–æ–Ω, –ü–∞–º—è—Ç—å –ø–æ–ª–æ–∂–µ–Ω–∏—è —Å–∏–¥–µ–Ω–∏–π - –ü–∞–º—è—Ç—å —Å–∏–¥–µ–Ω—å—è –≤–æ–¥–∏—Ç–µ–ª—è, –¢–æ–Ω–∏—Ä–æ–≤–∞–Ω–Ω—ã–µ —Å—Ç–µ–∫–ª–∞, –û—Ç–¥–µ–ª–∫–∞ –∫–æ–∂–µ–π —Ä—É–ª–µ–≤–æ–≥–æ –∫–æ–ª–µ—Å–∞, –ù–∞–∫–ª–∞–¥–∫–∏ –Ω–∞ –ø–æ—Ä–æ–≥–∏, –ü–æ–¥–æ–≥—Ä–µ–≤ –∑–∞–¥–Ω–∏—Ö —Å–∏–¥–µ–Ω–∏–π, –ü–æ–¥–æ–≥—Ä–µ–≤ –ø–µ—Ä–µ–¥–Ω–∏—Ö —Å–∏–¥–µ–Ω–∏–π, –û—Ç–¥–µ–ª–∫–∞ –∫–æ–∂–µ–π —Ä—ã—á–∞–≥–∞ –ö–ü–ü, –°–∫–ª–∞–¥—ã–≤–∞—é—â–µ–µ—Å—è –∑–∞–¥–Ω–µ–µ —Å–∏–¥–µ–Ω–∏–µ, –¢—Ä–µ—Ç–∏–π –∑–∞–¥–Ω–∏–π –ø–æ–¥–≥–æ–ª–æ–≤–Ω–∏–∫, –≠–ª–µ–∫—Ç—Ä–æ—Ä–µ–≥—É–ª–∏—Ä–æ–≤–∫–∞ —Å–∏–¥–µ–Ω—å—è –≤–æ–¥–∏—Ç–µ–ª—è, –ü–µ—Ä–µ–¥–Ω–∏–π —Ü–µ–Ω—Ç—Ä–∞–ª—å–Ω—ã–π –ø–æ–¥–ª–æ–∫–æ—Ç–Ω–∏–∫, –†–µ–≥—É–ª–∏—Ä–æ–≤–∫–∞ —Å–∏–¥–µ–Ω–∏–π –ø–æ –≤—ã—Å–æ—Ç–µ - –†–µ–≥—É–ª–∏—Ä–æ–≤–∫–∞ –ø–µ—Ä–µ–¥–Ω–∏—Ö —Å–∏–¥–µ–Ω–∏–π –ø–æ –≤—ã—Å–æ—Ç–µ, –≠–ª–µ–∫—Ç—Ä–æ—Ä–µ–≥—É–ª–∏—Ä–æ–≤–∫–∞ –ø–µ—Ä–µ–¥–Ω–∏—Ö —Å–∏–¥–µ–Ω–∏–π, –°–æ–ª–Ω—Ü–µ–∑–∞—â–∏—Ç–Ω–∞—è —à—Ç–æ—Ä–∫–∞ –Ω–∞ –∑–∞–¥–Ω–µ–º —Å—Ç–µ–∫–ª–µ;
–ö–æ–º—Ñ–æ—Ä—Ç: –ö–æ–Ω–¥–∏—Ü–∏–æ–Ω–µ—Ä - –ö–ª–∏–º–∞—Ç-–∫–æ–Ω—Ç—Ä–æ–ª—å –º–Ω–æ–≥–æ–∑–æ–Ω–Ω—ã–π, –ë–æ—Ä—Ç–æ–≤–æ–π –∫–æ–º–ø—å—é—Ç–µ—Ä, –û—Ö–ª–∞–∂–¥–∞–µ–º—ã–π –ø–µ—Ä—á–∞—Ç–æ—á–Ω—ã–π —è—â–∏–∫, –ú—É–ª—å—Ç–∏—Ñ—É–Ω–∫—Ü–∏–æ–Ω–∞–ª—å–Ω–æ–µ —Ä—É–ª–µ–≤–æ–µ –∫–æ–ª–µ—Å–æ, –≠–ª–µ–∫—Ç—Ä–æ—Å–∫–ª–∞–¥—ã–≤–∞–Ω–∏–µ –∑–µ—Ä–∫–∞–ª, –ó–∞–ø—É—Å–∫ –¥–≤–∏–≥–∞—Ç–µ–ª—è —Å –∫–Ω–æ–ø–∫–∏, –≠–ª–µ–∫—Ç—Ä–æ–ø—Ä–∏–≤–æ–¥ –∫—Ä—ã—à–∫–∏ –±–∞–≥–∞–∂–Ω–∏–∫–∞, –°–∏—Å—Ç–µ–º–∞ –¥–æ—Å—Ç—É–ø–∞ –±–µ–∑ –∫–ª—é—á–∞, –ü–∞—Ä–∫—Ç—Ä–æ–Ω–∏–∫ –ø–µ—Ä–µ–¥–Ω–∏–π, –ü–∞—Ä–∫—Ç—Ä–æ–Ω–∏–∫ –∑–∞–¥–Ω–∏–π, –ö—Ä—É–∏–∑-–∫–æ–Ω—Ç—Ä–æ–ª—å, –£—Å–∏–ª–∏—Ç–µ–ª—å —Ä—É–ª—è, –≠–ª–µ–∫—Ç—Ä–æ–ø—Ä–∏–≤–æ–¥ –∑–µ—Ä–∫–∞–ª, –≠–ª–µ–∫—Ç—Ä–æ—Å—Ç–µ–∫–ª–æ–ø–æ–¥—ä—ë–º–Ω–∏–∫–∏ –∑–∞–¥–Ω–∏–µ, –°–∏—Å—Ç–µ–º–∞ ¬´—Å—Ç–∞—Ä—Ç-—Å—Ç–æ–ø¬ª, –≠–ª–µ–∫—Ç—Ä–æ—Å—Ç–µ–∫–ª–æ–ø–æ–¥—ä—ë–º–Ω–∏–∫–∏ –ø–µ—Ä–µ–¥–Ω–∏–µ, –†–µ–≥—É–ª–∏—Ä–æ–≤–∫–∞ —Ä—É–ª—è –ø–æ –≤—ã—Å–æ—Ç–µ, –†–µ–≥—É–ª–∏—Ä–æ–≤–∫–∞ —Ä—É–ª—è –ø–æ –≤—ã–ª–µ—Ç—É, –ü—Ä–∏–∫—É—Ä–∏–≤–∞—Ç–µ–ª—å –∏ –ø–µ–ø–µ–ª—å–Ω–∏—Ü–∞;
–ë–µ–∑–æ–ø–∞—Å–Ω–æ—Å—Ç—å: –ê–Ω—Ç–∏–±–ª–æ–∫–∏—Ä–æ–≤–æ—á–Ω–∞—è —Å–∏—Å—Ç–µ–º–∞ (ABS), –ê–Ω—Ç–∏–ø—Ä–æ–±—É–∫—Å–æ–≤–æ—á–Ω–∞—è —Å–∏—Å—Ç–µ–º–∞ (ASR), –°–∏—Å—Ç–µ–º–∞ –ø–æ–º–æ—â–∏ –ø—Ä–∏ —Ç–æ—Ä–º–æ–∂–µ–Ω–∏–∏, –°–∏—Å—Ç–µ–º–∞ —Å—Ç–∞–±–∏–ª–∏–∑–∞—Ü–∏–∏, –°–∏—Å—Ç–µ–º–∞ –ø–æ–º–æ—â–∏ –ø—Ä–∏ —Å—Ç–∞—Ä—Ç–µ –≤ –≥–æ—Ä—É, –ö—Ä–µ–ø–ª–µ–Ω–∏–µ –¥–ª—è –¥–µ—Ç—Å–∫–æ–≥–æ –∫—Ä–µ—Å–ª–∞ (–∑–∞–¥–Ω–∏–π —Ä—è–¥), –ü–æ–¥—É—à–∫–∏ –±–µ–∑–æ–ø–∞—Å–Ω–æ—Å—Ç–∏ –±–æ–∫–æ–≤—ã–µ, –ö—Ä–µ–ø–ª–µ–Ω–∏–µ –¥–ª—è –¥–µ—Ç—Å–∫–æ–≥–æ –∫—Ä–µ—Å–ª–∞ (–ø–µ—Ä–µ–¥–Ω–∏–π —Ä—è–¥), –ü–æ–¥—É—à–∫–∞ –±–µ–∑–æ–ø–∞—Å–Ω–æ—Å—Ç–∏ –≤–æ–¥–∏—Ç–µ–ª—è, –î–∞—Ç—á–∏–∫ –¥–∞–≤–ª–µ–Ω–∏—è –≤ —à–∏–Ω–∞—Ö, –ü–æ–¥—É—à–∫–∏ –±–µ–∑–æ–ø–∞—Å–Ω–æ—Å—Ç–∏ –æ–∫–æ–Ω–Ω—ã–µ (—à—Ç–æ—Ä–∫–∏), –ü–æ–¥—É—à–∫–∞ –±–µ–∑–æ–ø–∞—Å–Ω–æ—Å—Ç–∏ –ø–∞—Å—Å–∞–∂–∏—Ä–∞, –ü–æ–¥—É—à–∫–∏ –±–µ–∑–æ–ø–∞—Å–Ω–æ—Å—Ç–∏ –±–æ–∫–æ–≤—ã–µ –∑–∞–¥–Ω–∏–µ, –ë–ª–æ–∫–∏—Ä–æ–≤–∫–∞ –∑–∞–º–∫–æ–≤ –∑–∞–¥–Ω–∏—Ö –¥–≤–µ—Ä–µ–π;
–ü—Ä–æ—á–µ–µ: –ü–æ–ª–Ω–æ—Ä–∞–∑–º–µ—Ä–Ω–æ–µ –∑–∞–ø–∞—Å–Ω–æ–µ –∫–æ–ª–µ—Å–æ, –ó–∞—â–∏—Ç–∞ –∫–∞—Ä—Ç–µ—Ä–∞.

–ü–æ–ª—É—á–∏—Ç–µ –¥–æ–ø–æ–ª–Ω–∏—Ç–µ–ª—å–Ω—É—é —Å–∫–∏–¥–∫—É –¥–æ 200 000 —Ä—É–±–ª–µ–π –ø—Ä–∏ –ø–æ–∫—É–ø–∫–µ –∞–≤—Ç–æ–º–æ–±–∏–ª—è –≤ –∫—Ä–µ–¥–∏—Ç!

‚ùó –í—Å–µ –∑–∞—è–≤–ª–µ–Ω–Ω—ã–µ –∞–≤—Ç–æ–º–æ–±–∏–ª–∏ –Ω–∞—Ö–æ–¥—è—Ç—Å—è –≤ –Ω–∞–ª–∏—á–∏–∏.
‚ùó –ß–µ—Å—Ç–Ω—ã–µ —Ü–µ–Ω—ã.
‚ùó –ë–µ–∑ —Å–∫—Ä—ã—Ç—ã—Ö –∫–æ–º–∏—Å—Å–∏–π.
‚ùó –í—ã–≥–æ–¥–∞ –ø–æ –ø—Ä–æ–≥—Ä–∞–º–º–µ Trade-In –¥–æ 100 —Ç—ã—Å—è—á —Ä—É–±–ª–µ–π. *



–£—Å–ª–æ–≤–∏—è –ø—Ä–∏ –ø–æ–∫—É–ø–∫–µ –∞–≤—Ç–æ–º–æ–±–∏–ª—è –≤ –∫—Ä–µ–¥–∏—Ç:

–°—Ç–∞–≤–∫–∞ –æ—Ç 4.9% –≥–æ–¥–æ–≤—ã—Ö;
–ü–µ—Ä–≤–æ–Ω–∞—á–∞–ª—å–Ω—ã–π –≤–∑–Ω–æ—Å –æ—Ç 0%;
–û—Ñ–æ—Ä–º–ª–µ–Ω–∏–µ –ø–æ –¥–≤—É–º –¥–æ–∫—É–º–µ–Ω—Ç–∞–º;
–°—Ä–æ–∫ –∫—Ä–µ–¥–∏—Ç–æ–≤–∞–Ω–∏—è –æ—Ç 6 –º–µ—Å—è—Ü–µ–≤ –¥–æ 7 –ª–µ—Ç;
–ë–µ–∑ –æ—Ñ–æ—Ä–º–ª–µ–Ω–∏—è –ö–ê–°–ö–û;

–ü—Ä–∏ –ø–æ–∫—É–ø–∫–µ –∞–≤—Ç–æ–º–æ–±–∏–ª—è –∫–∞–∂–¥—ã–π –∫–ª–∏–µ–Ω—Ç –ø–æ–ª—É—á–∞–µ—Ç –ø–æ–¥–∞—Ä–æ–∫ –Ω–∞ –≤—ã–±–æ—Ä:

üî• –ö–æ–º–ø–ª–µ–∫—Ç —Ä–µ–∑–∏–Ω—ã.
üî• –ü–æ–ª–Ω–æ–µ –∫–æ–º–ø–ª–µ–∫—Å–Ω–æ–µ –¢–û.
üî• –°—Ç—Ä–∞—Ö–æ–≤–æ–π –ø–æ–ª–∏—Å –û–°–ê–ì–û —Å—Ä–æ–∫–æ–º –Ω–∞ 3 –º–µ—Å—è—Ü–∞.

–ü—Ä–∏–≥–ª–∞—à–∞–µ–º –Ω–∞ –±–µ—Å–ø–ª–∞—Ç–Ω—ã–π —Ç–µ—Å—Ç-–¥—Ä–∞–π–≤! –ü–æ–¥—Ä–æ–±–Ω—É—é –∏–Ω—Ñ–æ—Ä–º–∞—Ü–∏—é –º–æ–∂–Ω–æ –ø–æ–ª—É—á–∏—Ç—å —É —Å–ø–µ—Ü–∏–∞–ª–∏—Å—Ç–æ–≤ –∞–≤—Ç–æ—Ü–µ–Ω—Ç—Ä–∞ –ø–æ —Ç–µ–ª–µ—Ñ–æ–Ω—É.
–ú—ã —Ä–∞–±–æ—Ç–∞–µ–º –¥–æ –ø–æ—Å–ª–µ–¥–Ω–µ–≥–æ –∫–ª–∏–µ–Ω—Ç–∞.

* –î–∞–Ω–Ω—ã–µ —Å–∫–∏–¥–∫–∏ –ø—Ä–∏–º–µ–Ω—è—é—Ç—Å—è –≤ –∑–∞–≤–∏—Å–∏–º–æ—Å—Ç–∏ –æ—Ç —É—Å–ª–æ–≤–∏–π –ø–æ–∫—É–ø–∫–∏. –í—Å–µ –ø–æ–¥—Ä–æ–±–Ω–æ—Å—Ç–∏ —É—Ç–æ—á–Ω—è–π—Ç–µ —É –º–µ–Ω–µ–¥–∂–µ—Ä–æ–≤ –∞–≤—Ç–æ—Å–∞–ª–æ–Ω–∞.",https://moscow.drom.ru/audi/a6/50146868.html,300 –ª.—Å.,–±–µ–ª—ã–π,—Ä–æ–±–æ—Ç,–ª–µ–≤—ã–π,–•–∞—Ä–∞–∫—Ç–µ—Ä–∏—Å—Ç–∏–∫–∏ —Å–æ–≤–ø–∞–¥–∞—é—Ç —Å –ü–¢–°,4 –∑–∞–ø–∏—Å–∏ –æ —Ä–µ–≥–∏—Å—Ç—Ä–∞—Ü–∏–∏,–ù–µ —á–∏—Å–ª–∏—Ç—Å—è –≤ —Ä–æ–∑—ã—Å–∫–µ,–û–≥—Ä–∞–Ω–∏—á–µ–Ω–∏–π –Ω–µ –æ–±–Ω–∞—Ä—É–∂–µ–Ω–æ
16,"–ü—Ä–æ–¥–∞–∂–∞ BMW 7-Series, 2011 –≥–æ–¥ –≤ –ú–æ—Å–∫–≤–µ",1 449 000 ‚ÇΩ,"–¥–∏–∑–µ–ª—å, 3.0 –ª",147 528,–ù–µ–∏–∑–≤–µ—Å—Ç–Ω–æ,–°–º–æ—Ç—Ä–µ—Ç—å –≤ '–î–≤–∏–≥–∞—Ç–µ–ª—å',4WD,–ù–µ —É–∫–∞–∑–∞–Ω–æ –Ω–∞ –î—Ä–æ–º,–ú–æ—Å–∫–≤–∞ –∏ –ú–û,"–ö–û–ú–ü–õ–ï–ö–¢–ê–¶–ò–Ø
–û–±–∑–æ—Ä: –ü—Ä–æ—Ç–∏–≤–æ—Ç—É–º–∞–Ω–Ω—ã–µ —Ñ–∞—Ä—ã, –°–≤–µ—Ç–æ–¥–∏–æ–¥–Ω—ã–µ —Ñ–∞—Ä—ã, –î–∞—Ç—á–∏–∫ –¥–æ–∂–¥—è, –î–∞—Ç—á–∏–∫ —Å–≤–µ—Ç–∞, –≠–ª–µ–∫—Ç—Ä–æ–æ–±–æ–≥—Ä–µ–≤ –∑–µ—Ä–∫–∞–ª, –û–º—ã–≤–∞—Ç–µ–ª—å —Ñ–∞—Ä, –≠–ª–µ–∫—Ç—Ä–æ–æ–±–æ–≥—Ä–µ–≤ –∑–æ–Ω—ã —Å—Ç–µ–∫–ª–æ–æ—á–∏—Å—Ç–∏—Ç–µ–ª–µ–π, –≠–ª–µ–∫—Ç—Ä–æ–æ–±–æ–≥—Ä–µ–≤ —Ñ–æ—Ä—Å—É–Ω–æ–∫ —Å—Ç–µ–∫–ª–æ–æ–º—ã–≤–∞—Ç–µ–ª–µ–π, –ê–≤—Ç–æ–º–∞—Ç–∏—á–µ—Å–∫–∏–π –∫–æ—Ä—Ä–µ–∫—Ç–æ—Ä —Ñ–∞—Ä;
–≠–ª–µ–º–µ–Ω—Ç—ã —ç–∫—Å—Ç–µ—Ä—å–µ—Ä–∞: –†–∞–∑–º–µ—Ä –¥–∏—Å–∫–æ–≤ - –î–∏—Å–∫–∏ 18, –¢–∏–ø –¥–∏—Å–∫–æ–≤ - –õ–µ–≥–∫–æ—Å–ø–ª–∞–≤–Ω—ã–µ –¥–∏—Å–∫–∏, –î–µ–∫–æ—Ä–∞—Ç–∏–≤–Ω—ã–µ –º–æ–ª–¥–∏–Ω–≥–∏;
–ó–∞—â–∏—Ç–∞ –æ—Ç —É–≥–æ–Ω–∞: –ò–º–º–æ–±–∏–ª–∞–π–∑–µ—Ä, –¶–µ–Ω—Ç—Ä–∞–ª—å–Ω—ã–π –∑–∞–º–æ–∫, –°–∏–≥–Ω–∞–ª–∏–∑–∞—Ü–∏—è, –î–∞—Ç—á–∏–∫ –ø—Ä–æ–Ω–∏–∫–Ω–æ–≤–µ–Ω–∏—è –≤ —Å–∞–ª–æ–Ω (–¥–∞—Ç—á–∏–∫ –æ–±—ä–µ–º–∞);
–ú—É–ª—å—Ç–∏–º–µ–¥–∏–∞: AUX, USB, –ê—É–¥–∏–æ—Å–∏—Å—Ç–µ–º–∞, Bluetooth, –†–æ–∑–µ—Ç–∫–∞ 12V, –ù–∞–≤–∏–≥–∞—Ü–∏–æ–Ω–Ω–∞—è —Å–∏—Å—Ç–µ–º–∞, –ì–æ–ª–æ—Å–æ–≤–æ–µ —É–ø—Ä–∞–≤–ª–µ–Ω–∏–µ;
–°–∞–ª–æ–Ω: –ö–æ–∂–∞ (–ú–∞—Ç–µ—Ä–∏–∞–ª —Å–∞–ª–æ–Ω–∞), –ö–æ–ª–∏—á–µ—Å—Ç–≤–æ –º–µ—Å—Ç: 5, –¶–≤–µ—Ç —Å–∞–ª–æ–Ω–∞ - –°–≤–µ—Ç–ª—ã–π —Å–∞–ª–æ–Ω, –û–±–æ–≥—Ä–µ–≤ —Ä—É–ª–µ–≤–æ–≥–æ –∫–æ–ª–µ—Å–∞, –ü–∞–º—è—Ç—å –ø–æ–ª–æ–∂–µ–Ω–∏—è —Å–∏–¥–µ–Ω–∏–π - –ü–∞–º—è—Ç—å –ø–µ—Ä–µ–¥–Ω–∏—Ö —Å–∏–¥–µ–Ω–∏–π, –¢–æ–Ω–∏—Ä–æ–≤–∞–Ω–Ω—ã–µ —Å—Ç–µ–∫–ª–∞, –û—Ç–¥–µ–ª–∫–∞ –∫–æ–∂–µ–π —Ä—É–ª–µ–≤–æ–≥–æ –∫–æ–ª–µ—Å–∞, –ù–∞–∫–ª–∞–¥–∫–∏ –Ω–∞ –ø–æ—Ä–æ–≥–∏, –ü–æ–¥–æ–≥—Ä–µ–≤ –∑–∞–¥–Ω–∏—Ö —Å–∏–¥–µ–Ω–∏–π, –ü–æ–¥–æ–≥—Ä–µ–≤ –ø–µ—Ä–µ–¥–Ω–∏—Ö —Å–∏–¥–µ–Ω–∏–π, –û—Ç–¥–µ–ª–∫–∞ –∫–æ–∂–µ–π —Ä—ã—á–∞–≥–∞ –ö–ü–ü, –°–∫–ª–∞–¥—ã–≤–∞—é—â–µ–µ—Å—è –∑–∞–¥–Ω–µ–µ —Å–∏–¥–µ–Ω–∏–µ, –¢—Ä–µ—Ç–∏–π –∑–∞–¥–Ω–∏–π –ø–æ–¥–≥–æ–ª–æ–≤–Ω–∏–∫, –≠–ª–µ–∫—Ç—Ä–æ—Ä–µ–≥—É–ª–∏—Ä–æ–≤–∫–∞ —Å–∏–¥–µ–Ω—å—è –≤–æ–¥–∏—Ç–µ–ª—è, –ü–µ—Ä–µ–¥–Ω–∏–π —Ü–µ–Ω—Ç—Ä–∞–ª—å–Ω—ã–π –ø–æ–¥–ª–æ–∫–æ—Ç–Ω–∏–∫, –†–µ–≥—É–ª–∏—Ä–æ–≤–∫–∞ —Å–∏–¥–µ–Ω–∏–π –ø–æ –≤—ã—Å–æ—Ç–µ - –†–µ–≥—É–ª–∏—Ä–æ–≤–∫–∞ –ø–µ—Ä–µ–¥–Ω–∏—Ö —Å–∏–¥–µ–Ω–∏–π –ø–æ –≤—ã—Å–æ—Ç–µ, –≠–ª–µ–∫—Ç—Ä–æ—Ä–µ–≥—É–ª–∏—Ä–æ–≤–∫–∞ –ø–µ—Ä–µ–¥–Ω–∏—Ö —Å–∏–¥–µ–Ω–∏–π;
–ö–æ–º—Ñ–æ—Ä—Ç: –ö–∞–º–µ—Ä–∞ –∑–∞–¥–Ω—è—è, –ö–æ–Ω–¥–∏—Ü–∏–æ–Ω–µ—Ä - –ö–ª–∏–º–∞—Ç-–∫–æ–Ω—Ç—Ä–æ–ª—å –º–Ω–æ–≥–æ–∑–æ–Ω–Ω—ã–π, –ë–æ—Ä—Ç–æ–≤–æ–π –∫–æ–º–ø—å—é—Ç–µ—Ä, –û—Ö–ª–∞–∂–¥–∞–µ–º—ã–π –ø–µ—Ä—á–∞—Ç–æ—á–Ω—ã–π —è—â–∏–∫, –ú—É–ª—å—Ç–∏—Ñ—É–Ω–∫—Ü–∏–æ–Ω–∞–ª—å–Ω–æ–µ —Ä—É–ª–µ–≤–æ–µ –∫–æ–ª–µ—Å–æ, –≠–ª–µ–∫—Ç—Ä–æ—Å–∫–ª–∞–¥—ã–≤–∞–Ω–∏–µ –∑–µ—Ä–∫–∞–ª, –ó–∞–ø—É—Å–∫ –¥–≤–∏–≥–∞—Ç–µ–ª—è —Å –∫–Ω–æ–ø–∫–∏, –≠–ª–µ–∫—Ç—Ä–æ–ø—Ä–∏–≤–æ–¥ –∫—Ä—ã—à–∫–∏ –±–∞–≥–∞–∂–Ω–∏–∫–∞, –°–∏—Å—Ç–µ–º–∞ –¥–æ—Å—Ç—É–ø–∞ –±–µ–∑ –∫–ª—é—á–∞, –ü–∞—Ä–∫—Ç—Ä–æ–Ω–∏–∫ –ø–µ—Ä–µ–¥–Ω–∏–π, –ü–∞—Ä–∫—Ç—Ä–æ–Ω–∏–∫ –∑–∞–¥–Ω–∏–π, –ö—Ä—É–∏–∑-–∫–æ–Ω—Ç—Ä–æ–ª—å, –£—Å–∏–ª–∏—Ç–µ–ª—å —Ä—É–ª—è, –≠–ª–µ–∫—Ç—Ä–æ–ø—Ä–∏–≤–æ–¥ –∑–µ—Ä–∫–∞–ª, –≠–ª–µ–∫—Ç—Ä–æ—Ä–µ–≥—É–ª–∏—Ä–æ–≤–∫–∞ —Ä—É–ª—è, –ü—Ä–æ–µ–∫—Ü–∏–æ–Ω–Ω—ã–π –¥–∏—Å–ø–ª–µ–π, –≠–ª–µ–∫—Ç—Ä–æ—Å—Ç–µ–∫–ª–æ–ø–æ–¥—ä—ë–º–Ω–∏–∫–∏ –∑–∞–¥–Ω–∏–µ, –≠–ª–µ–∫—Ç—Ä–æ—Å—Ç–µ–∫–ª–æ–ø–æ–¥—ä—ë–º–Ω–∏–∫–∏ –ø–µ—Ä–µ–¥–Ω–∏–µ, –†–µ–≥—É–ª–∏—Ä–æ–≤–∫–∞ —Ä—É–ª—è –ø–æ –≤—ã—Å–æ—Ç–µ, –†–µ–≥—É–ª–∏—Ä–æ–≤–∫–∞ —Ä—É–ª—è –ø–æ –≤—ã–ª–µ—Ç—É, –ü—Ä–∏–∫—É—Ä–∏–≤–∞—Ç–µ–ª—å –∏ –ø–µ–ø–µ–ª—å–Ω–∏—Ü–∞;
–ë–µ–∑–æ–ø–∞—Å–Ω–æ—Å—Ç—å: –ê–Ω—Ç–∏–±–ª–æ–∫–∏—Ä–æ–≤–æ—á–Ω–∞—è —Å–∏—Å—Ç–µ–º–∞ (ABS), –ê–Ω—Ç–∏–ø—Ä–æ–±—É–∫—Å–æ–≤–æ—á–Ω–∞—è —Å–∏—Å—Ç–µ–º–∞ (ASR), –°–∏—Å—Ç–µ–º–∞ –ø–æ–º–æ—â–∏ –ø—Ä–∏ —Ç–æ—Ä–º–æ–∂–µ–Ω–∏–∏, –°–∏—Å—Ç–µ–º–∞ —Å—Ç–∞–±–∏–ª–∏–∑–∞—Ü–∏–∏, –°–∏—Å—Ç–µ–º–∞ –ø–æ–º–æ—â–∏ –ø—Ä–∏ —Å—Ç–∞—Ä—Ç–µ –≤ –≥–æ—Ä—É, –ö—Ä–µ–ø–ª–µ–Ω–∏–µ –¥–ª—è –¥–µ—Ç—Å–∫–æ–≥–æ –∫—Ä–µ—Å–ª–∞ (–∑–∞–¥–Ω–∏–π —Ä—è–¥), –ü–æ–¥—É—à–∫–∏ –±–µ–∑–æ–ø–∞—Å–Ω–æ—Å—Ç–∏ –±–æ–∫–æ–≤—ã–µ, –ö—Ä–µ–ø–ª–µ–Ω–∏–µ –¥–ª—è –¥–µ—Ç—Å–∫–æ–≥–æ –∫—Ä–µ—Å–ª–∞ (–ø–µ—Ä–µ–¥–Ω–∏–π —Ä—è–¥), –ü–æ–¥—É—à–∫–∞ –±–µ–∑–æ–ø–∞—Å–Ω–æ—Å—Ç–∏ –≤–æ–¥–∏—Ç–µ–ª—è, –î–∞—Ç—á–∏–∫ –¥–∞–≤–ª–µ–Ω–∏—è –≤ —à–∏–Ω–∞—Ö, –ü–æ–¥—É—à–∫–∏ –±–µ–∑–æ–ø–∞—Å–Ω–æ—Å—Ç–∏ –æ–∫–æ–Ω–Ω—ã–µ (—à—Ç–æ—Ä–∫–∏), –ü–æ–¥—É—à–∫–∞ –±–µ–∑–æ–ø–∞—Å–Ω–æ—Å—Ç–∏ –ø–∞—Å—Å–∞–∂–∏—Ä–∞, –ü–æ–¥—É—à–∫–∏ –±–µ–∑–æ–ø–∞—Å–Ω–æ—Å—Ç–∏ –±–æ–∫–æ–≤—ã–µ –∑–∞–¥–Ω–∏–µ, –ë–ª–æ–∫–∏—Ä–æ–≤–∫–∞ –∑–∞–º–∫–æ–≤ –∑–∞–¥–Ω–∏—Ö –¥–≤–µ—Ä–µ–π;
–ü—Ä–æ—á–µ–µ: –ü–æ–ª–Ω–æ—Ä–∞–∑–º–µ—Ä–Ω–æ–µ –∑–∞–ø–∞—Å–Ω–æ–µ –∫–æ–ª–µ—Å–æ, –ó–∞—â–∏—Ç–∞ –∫–∞—Ä—Ç–µ—Ä–∞.

–ü–æ–ª—É—á–∏—Ç–µ –¥–æ–ø–æ–ª–Ω–∏—Ç–µ–ª—å–Ω—É—é —Å–∫–∏–¥–∫—É –¥–æ 200 000 —Ä—É–±–ª–µ–π –ø—Ä–∏ –ø–æ–∫—É–ø–∫–µ –∞–≤—Ç–æ–º–æ–±–∏–ª—è –≤ –∫—Ä–µ–¥–∏—Ç!

‚ùó –í—Å–µ –∑–∞—è–≤–ª–µ–Ω–Ω—ã–µ –∞–≤—Ç–æ–º–æ–±–∏–ª–∏ –Ω–∞—Ö–æ–¥—è—Ç—Å—è –≤ –Ω–∞–ª–∏—á–∏–∏.
‚ùó –ß–µ—Å—Ç–Ω—ã–µ —Ü–µ–Ω—ã.
‚ùó –ë–µ–∑ —Å–∫—Ä—ã—Ç—ã—Ö –∫–æ–º–∏—Å—Å–∏–π.
‚ùó –í—ã–≥–æ–¥–∞ –ø–æ –ø—Ä–æ–≥—Ä–∞–º–º–µ Trade-In –¥–æ 100 —Ç—ã—Å—è—á —Ä—É–±–ª–µ–π. *



–£—Å–ª–æ–≤–∏—è –ø—Ä–∏ –ø–æ–∫—É–ø–∫–µ –∞–≤—Ç–æ–º–æ–±–∏–ª—è –≤ –∫—Ä–µ–¥–∏—Ç:

–°—Ç–∞–≤–∫–∞ –æ—Ç 4.9% –≥–æ–¥–æ–≤—ã—Ö;
–ü–µ—Ä–≤–æ–Ω–∞—á–∞–ª—å–Ω—ã–π –≤–∑–Ω–æ—Å –æ—Ç 0%;
–û—Ñ–æ—Ä–º–ª–µ–Ω–∏–µ –ø–æ –¥–≤—É–º –¥–æ–∫—É–º–µ–Ω—Ç–∞–º;
–°—Ä–æ–∫ –∫—Ä–µ–¥–∏—Ç–æ–≤–∞–Ω–∏—è –æ—Ç 6 –º–µ—Å—è—Ü–µ–≤ –¥–æ 7 –ª–µ—Ç;
–ë–µ–∑ –æ—Ñ–æ—Ä–º–ª–µ–Ω–∏—è –ö–ê–°–ö–û;

–ü—Ä–∏ –ø–æ–∫—É–ø–∫–µ –∞–≤—Ç–æ–º–æ–±–∏–ª—è –∫–∞–∂–¥—ã–π –∫–ª–∏–µ–Ω—Ç –ø–æ–ª—É—á–∞–µ—Ç –ø–æ–¥–∞—Ä–æ–∫ –Ω–∞ –≤—ã–±–æ—Ä:

üî• –ö–æ–º–ø–ª–µ–∫—Ç —Ä–µ–∑–∏–Ω—ã.
üî• –ü–æ–ª–Ω–æ–µ –∫–æ–º–ø–ª–µ–∫—Å–Ω–æ–µ –¢–û.
üî• –°—Ç—Ä–∞—Ö–æ–≤–æ–π –ø–æ–ª–∏—Å –û–°–ê–ì–û —Å—Ä–æ–∫–æ–º –Ω–∞ 3 –º–µ—Å—è—Ü–∞.

–ü—Ä–∏–≥–ª–∞—à–∞–µ–º –Ω–∞ –±–µ—Å–ø–ª–∞—Ç–Ω—ã–π —Ç–µ—Å—Ç-–¥—Ä–∞–π–≤! –ü–æ–¥—Ä–æ–±–Ω—É—é –∏–Ω—Ñ–æ—Ä–º–∞—Ü–∏—é –º–æ–∂–Ω–æ –ø–æ–ª—É—á–∏—Ç—å —É —Å–ø–µ—Ü–∏–∞–ª–∏—Å—Ç–æ–≤ –∞–≤—Ç–æ—Ü–µ–Ω—Ç—Ä–∞ –ø–æ —Ç–µ–ª–µ—Ñ–æ–Ω—É.
–ú—ã —Ä–∞–±–æ—Ç–∞–µ–º –¥–æ –ø–æ—Å–ª–µ–¥–Ω–µ–≥–æ –∫–ª–∏–µ–Ω—Ç–∞.

* –î–∞–Ω–Ω—ã–µ —Å–∫–∏–¥–∫–∏ –ø—Ä–∏–º–µ–Ω—è—é—Ç—Å—è –≤ –∑–∞–≤–∏—Å–∏–º–æ—Å—Ç–∏ –æ—Ç —É—Å–ª–æ–≤–∏–π –ø–æ–∫—É–ø–∫–∏. –í—Å–µ –ø–æ–¥—Ä–æ–±–Ω–æ—Å—Ç–∏ —É—Ç–æ—á–Ω—è–π—Ç–µ —É –º–µ–Ω–µ–¥–∂–µ—Ä–æ–≤ –∞–≤—Ç–æ—Å–∞–ª–æ–Ω–∞.",https://moscow.drom.ru/bmw/7-series/49830660.html,306 –ª.—Å.,—Å–∏–Ω–∏–π,–ê–ö–ü–ü,–ª–µ–≤—ã–π,–•–∞—Ä–∞–∫—Ç–µ—Ä–∏—Å—Ç–∏–∫–∏ —Å–æ–≤–ø–∞–¥–∞—é—Ç —Å –ü–¢–°,3 –∑–∞–ø–∏—Å–∏ –æ —Ä–µ–≥–∏—Å—Ç—Ä–∞—Ü–∏–∏,–ù–µ —á–∏—Å–ª–∏—Ç—Å—è –≤ —Ä–æ–∑—ã—Å–∫–µ,–û–≥—Ä–∞–Ω–∏—á–µ–Ω–∏–π –Ω–µ –æ–±–Ω–∞—Ä—É–∂–µ–Ω–æ
17,"–ü—Ä–æ–¥–∞–∂–∞ Chevrolet Captiva, 2009 –≥–æ–¥ –≤ –ú–æ—Å–∫–≤–µ",849 000 ‚ÇΩ,"–±–µ–Ω–∑–∏–Ω, 3.2 –ª",166 147,–ù–µ–∏–∑–≤–µ—Å—Ç–Ω–æ,–°–º–æ—Ç—Ä–µ—Ç—å –≤ '–î–≤–∏–≥–∞—Ç–µ–ª—å',4WD,–ù–µ —É–∫–∞–∑–∞–Ω–æ –Ω–∞ –î—Ä–æ–º,–ú–æ—Å–∫–≤–∞ –∏ –ú–û,"–ö–û–ú–ü–õ–ï–ö–¢–ê–¶–ò–Ø
–û–±–∑–æ—Ä: –ü—Ä–æ—Ç–∏–≤–æ—Ç—É–º–∞–Ω–Ω—ã–µ —Ñ–∞—Ä—ã, –ö—Å–µ–Ω–æ–Ω–æ–≤—ã–µ/–ë–∏–∫—Å–µ–Ω–æ–Ω–æ–≤—ã–µ —Ñ–∞—Ä—ã, –î–∞—Ç—á–∏–∫ –¥–æ–∂–¥—è, –î–∞—Ç—á–∏–∫ —Å–≤–µ—Ç–∞, –≠–ª–µ–∫—Ç—Ä–æ–æ–±–æ–≥—Ä–µ–≤ –∑–µ—Ä–∫–∞–ª, –û–º—ã–≤–∞—Ç–µ–ª—å —Ñ–∞—Ä, –≠–ª–µ–∫—Ç—Ä–æ–æ–±–æ–≥—Ä–µ–≤ —Ñ–æ—Ä—Å—É–Ω–æ–∫ —Å—Ç–µ–∫–ª–æ–æ–º—ã–≤–∞—Ç–µ–ª–µ–π;
–≠–ª–µ–º–µ–Ω—Ç—ã —ç–∫—Å—Ç–µ—Ä—å–µ—Ä–∞: –†–∞–∑–º–µ—Ä –¥–∏—Å–∫–æ–≤ - –î–∏—Å–∫–∏ 18, –†–µ–π–ª–∏–Ω–≥–∏ –Ω–∞ –∫—Ä—ã—à–µ, –¢–∏–ø –¥–∏—Å–∫–æ–≤ - –õ–µ–≥–∫–æ—Å–ø–ª–∞–≤–Ω—ã–µ –¥–∏—Å–∫–∏, –î–µ–∫–æ—Ä–∞—Ç–∏–≤–Ω—ã–µ –º–æ–ª–¥–∏–Ω–≥–∏;
–ó–∞—â–∏—Ç–∞ –æ—Ç —É–≥–æ–Ω–∞: –ò–º–º–æ–±–∏–ª–∞–π–∑–µ—Ä, –¶–µ–Ω—Ç—Ä–∞–ª—å–Ω—ã–π –∑–∞–º–æ–∫, –°–∏–≥–Ω–∞–ª–∏–∑–∞—Ü–∏—è, –î–∞—Ç—á–∏–∫ –ø—Ä–æ–Ω–∏–∫–Ω–æ–≤–µ–Ω–∏—è –≤ —Å–∞–ª–æ–Ω (–¥–∞—Ç—á–∏–∫ –æ–±—ä–µ–º–∞);
–ú—É–ª—å—Ç–∏–º–µ–¥–∏–∞: AUX, USB, –ê—É–¥–∏–æ—Å–∏—Å—Ç–µ–º–∞, –†–æ–∑–µ—Ç–∫–∞ 12V;
–°–∞–ª–æ–Ω: –ö–æ–∂–∞ (–ú–∞—Ç–µ—Ä–∏–∞–ª —Å–∞–ª–æ–Ω–∞), –ö–æ–ª–∏—á–µ—Å—Ç–≤–æ –º–µ—Å—Ç: 5, –¶–≤–µ—Ç —Å–∞–ª–æ–Ω–∞ - –¢–µ–º–Ω—ã–π —Å–∞–ª–æ–Ω, –û—Ç–¥–µ–ª–∫–∞ –∫–æ–∂–µ–π —Ä—É–ª–µ–≤–æ–≥–æ –∫–æ–ª–µ—Å–∞, –ù–∞–∫–ª–∞–¥–∫–∏ –Ω–∞ –ø–æ—Ä–æ–≥–∏, –ü–æ–¥–æ–≥—Ä–µ–≤ –ø–µ—Ä–µ–¥–Ω–∏—Ö —Å–∏–¥–µ–Ω–∏–π, –û—Ç–¥–µ–ª–∫–∞ –∫–æ–∂–µ–π —Ä—ã—á–∞–≥–∞ –ö–ü–ü, –°–∫–ª–∞–¥—ã–≤–∞—é—â–µ–µ—Å—è –∑–∞–¥–Ω–µ–µ —Å–∏–¥–µ–Ω–∏–µ, –¢—Ä–µ—Ç–∏–π –∑–∞–¥–Ω–∏–π –ø–æ–¥–≥–æ–ª–æ–≤–Ω–∏–∫, –≠–ª–µ–∫—Ç—Ä–æ—Ä–µ–≥—É–ª–∏—Ä–æ–≤–∫–∞ —Å–∏–¥–µ–Ω—å—è –≤–æ–¥–∏—Ç–µ–ª—è, –ü–µ—Ä–µ–¥–Ω–∏–π —Ü–µ–Ω—Ç—Ä–∞–ª—å–Ω—ã–π –ø–æ–¥–ª–æ–∫–æ—Ç–Ω–∏–∫, –†–µ–≥—É–ª–∏—Ä–æ–≤–∫–∞ —Å–∏–¥–µ–Ω–∏–π –ø–æ –≤—ã—Å–æ—Ç–µ - –†–µ–≥—É–ª–∏—Ä–æ–≤–∫–∞ –ø–µ—Ä–µ–¥–Ω–∏—Ö —Å–∏–¥–µ–Ω–∏–π –ø–æ –≤—ã—Å–æ—Ç–µ, –≠–ª–µ–∫—Ç—Ä–æ—Ä–µ–≥—É–ª–∏—Ä–æ–≤–∫–∞ –ø–µ—Ä–µ–¥–Ω–∏—Ö —Å–∏–¥–µ–Ω–∏–π;
–ö–æ–º—Ñ–æ—Ä—Ç: –ö–æ–Ω–¥–∏—Ü–∏–æ–Ω–µ—Ä - –ö–ª–∏–º–∞—Ç-–∫–æ–Ω—Ç—Ä–æ–ª—å 1-–∑–æ–Ω–Ω—ã–π, –ë–æ—Ä—Ç–æ–≤–æ–π –∫–æ–º–ø—å—é—Ç–µ—Ä, –û—Ö–ª–∞–∂–¥–∞–µ–º—ã–π –ø–µ—Ä—á–∞—Ç–æ—á–Ω—ã–π —è—â–∏–∫, –ú—É–ª—å—Ç–∏—Ñ—É–Ω–∫—Ü–∏–æ–Ω–∞–ª—å–Ω–æ–µ —Ä—É–ª–µ–≤–æ–µ –∫–æ–ª–µ—Å–æ, –≠–ª–µ–∫—Ç—Ä–æ—Å–∫–ª–∞–¥—ã–≤–∞–Ω–∏–µ –∑–µ—Ä–∫–∞–ª, –≠–ª–µ–∫—Ç—Ä–æ–ø—Ä–∏–≤–æ–¥ –∫—Ä—ã—à–∫–∏ –±–∞–≥–∞–∂–Ω–∏–∫–∞, –ü–∞—Ä–∫—Ç—Ä–æ–Ω–∏–∫ –∑–∞–¥–Ω–∏–π, –ö—Ä—É–∏–∑-–∫–æ–Ω—Ç—Ä–æ–ª—å, –£—Å–∏–ª–∏—Ç–µ–ª—å —Ä—É–ª—è, –≠–ª–µ–∫—Ç—Ä–æ–ø—Ä–∏–≤–æ–¥ –∑–µ—Ä–∫–∞–ª, –≠–ª–µ–∫—Ç—Ä–æ—Å—Ç–µ–∫–ª–æ–ø–æ–¥—ä—ë–º–Ω–∏–∫–∏ –∑–∞–¥–Ω–∏–µ, –≠–ª–µ–∫—Ç—Ä–æ—Å—Ç–µ–∫–ª–æ–ø–æ–¥—ä—ë–º–Ω–∏–∫–∏ –ø–µ—Ä–µ–¥–Ω–∏–µ, –†–µ–≥—É–ª–∏—Ä–æ–≤–∫–∞ —Ä—É–ª—è –ø–æ –≤—ã—Å–æ—Ç–µ, –†–µ–≥—É–ª–∏—Ä–æ–≤–∫–∞ —Ä—É–ª—è –ø–æ –≤—ã–ª–µ—Ç—É, –ü—Ä–∏–∫—É—Ä–∏–≤–∞—Ç–µ–ª—å –∏ –ø–µ–ø–µ–ª—å–Ω–∏—Ü–∞;
–ë–µ–∑–æ–ø–∞—Å–Ω–æ—Å—Ç—å: –ê–Ω—Ç–∏–±–ª–æ–∫–∏—Ä–æ–≤–æ—á–Ω–∞—è —Å–∏—Å—Ç–µ–º–∞ (ABS), –ê–Ω—Ç–∏–ø—Ä–æ–±—É–∫—Å–æ–≤–æ—á–Ω–∞—è —Å–∏—Å—Ç–µ–º–∞ (ASR), –°–∏—Å—Ç–µ–º–∞ –ø–æ–º–æ—â–∏ –ø—Ä–∏ —Ç–æ—Ä–º–æ–∂–µ–Ω–∏–∏, –°–∏—Å—Ç–µ–º–∞ —Å—Ç–∞–±–∏–ª–∏–∑–∞—Ü–∏–∏, –°–∏—Å—Ç–µ–º–∞ –ø–æ–º–æ—â–∏ –ø—Ä–∏ —Å—Ç–∞—Ä—Ç–µ –≤ –≥–æ—Ä—É, –ö—Ä–µ–ø–ª–µ–Ω–∏–µ –¥–ª—è –¥–µ—Ç—Å–∫–æ–≥–æ –∫—Ä–µ—Å–ª–∞ (–∑–∞–¥–Ω–∏–π —Ä—è–¥), –ü–æ–¥—É—à–∫–∏ –±–µ–∑–æ–ø–∞—Å–Ω–æ—Å—Ç–∏ –±–æ–∫–æ–≤—ã–µ, –ö—Ä–µ–ø–ª–µ–Ω–∏–µ –¥–ª—è –¥–µ—Ç—Å–∫–æ–≥–æ –∫—Ä–µ—Å–ª–∞ (–ø–µ—Ä–µ–¥–Ω–∏–π —Ä—è–¥), –ü–æ–¥—É—à–∫–∞ –±–µ–∑–æ–ø–∞—Å–Ω–æ—Å—Ç–∏ –≤–æ–¥–∏—Ç–µ–ª—è, –î–∞—Ç—á–∏–∫ –¥–∞–≤–ª–µ–Ω–∏—è –≤ —à–∏–Ω–∞—Ö, –ü–æ–¥—É—à–∫–∞ –±–µ–∑–æ–ø–∞—Å–Ω–æ—Å—Ç–∏ –ø–∞—Å—Å–∞–∂–∏—Ä–∞, –ü–æ–¥—É—à–∫–∏ –±–µ–∑–æ–ø–∞—Å–Ω–æ—Å—Ç–∏ –±–æ–∫–æ–≤—ã–µ –∑–∞–¥–Ω–∏–µ, –ë–ª–æ–∫–∏—Ä–æ–≤–∫–∞ –∑–∞–º–∫–æ–≤ –∑–∞–¥–Ω–∏—Ö –¥–≤–µ—Ä–µ–π;
–ü—Ä–æ—á–µ–µ: –ü–æ–ª–Ω–æ—Ä–∞–∑–º–µ—Ä–Ω–æ–µ –∑–∞–ø–∞—Å–Ω–æ–µ –∫–æ–ª–µ—Å–æ, –ó–∞—â–∏—Ç–∞ –∫–∞—Ä—Ç–µ—Ä–∞.

–ü–æ–ª—É—á–∏—Ç–µ –¥–æ–ø–æ–ª–Ω–∏—Ç–µ–ª—å–Ω—É—é —Å–∫–∏–¥–∫—É –¥–æ 100 000 —Ä—É–±–ª–µ–π –ø—Ä–∏ –ø–æ–∫—É–ø–∫–µ –∞–≤—Ç–æ–º–æ–±–∏–ª—è –≤ –∫—Ä–µ–¥–∏—Ç!

‚ùó –í—Å–µ –∑–∞—è–≤–ª–µ–Ω–Ω—ã–µ –∞–≤—Ç–æ–º–æ–±–∏–ª–∏ –Ω–∞—Ö–æ–¥—è—Ç—Å—è –≤ –Ω–∞–ª–∏—á–∏–∏.
‚ùó –ß–µ—Å—Ç–Ω—ã–µ —Ü–µ–Ω—ã.
‚ùó –ë–µ–∑ —Å–∫—Ä—ã—Ç—ã—Ö –∫–æ–º–∏—Å—Å–∏–π.
‚ùó –í—ã–≥–æ–¥–∞ –ø–æ –ø—Ä–æ–≥—Ä–∞–º–º–µ Trade-In –¥–æ 100 —Ç—ã—Å—è—á —Ä—É–±–ª–µ–π. *



–£—Å–ª–æ–≤–∏—è –ø—Ä–∏ –ø–æ–∫—É–ø–∫–µ –∞–≤—Ç–æ–º–æ–±–∏–ª—è –≤ –∫—Ä–µ–¥–∏—Ç:

–°—Ç–∞–≤–∫–∞ –æ—Ç 4.9% –≥–æ–¥–æ–≤—ã—Ö;
–ü–µ—Ä–≤–æ–Ω–∞—á–∞–ª—å–Ω—ã–π –≤–∑–Ω–æ—Å –æ—Ç 0%;
–û—Ñ–æ—Ä–º–ª–µ–Ω–∏–µ –ø–æ –¥–≤—É–º –¥–æ–∫—É–º–µ–Ω—Ç–∞–º;
–°—Ä–æ–∫ –∫—Ä–µ–¥–∏—Ç–æ–≤–∞–Ω–∏—è –æ—Ç 6 –º–µ—Å—è—Ü–µ–≤ –¥–æ 7 –ª–µ—Ç;
–ë–µ–∑ –æ—Ñ–æ—Ä–º–ª–µ–Ω–∏—è –ö–ê–°–ö–û;

–ü—Ä–∏ –ø–æ–∫—É–ø–∫–µ –∞–≤—Ç–æ–º–æ–±–∏–ª—è –∫–∞–∂–¥—ã–π –∫–ª–∏–µ–Ω—Ç –ø–æ–ª—É—á–∞–µ—Ç –ø–æ–¥–∞—Ä–æ–∫ –Ω–∞ –≤—ã–±–æ—Ä:

üî• –ö–æ–º–ø–ª–µ–∫—Ç —Ä–µ–∑–∏–Ω—ã.
üî• –ü–æ–ª–Ω–æ–µ –∫–æ–º–ø–ª–µ–∫—Å–Ω–æ–µ –¢–û.
üî• –°—Ç—Ä–∞—Ö–æ–≤–æ–π –ø–æ–ª–∏—Å –û–°–ê–ì–û —Å—Ä–æ–∫–æ–º –Ω–∞ 3 –º–µ—Å—è—Ü–∞.

–ü—Ä–∏–≥–ª–∞—à–∞–µ–º –Ω–∞ –±–µ—Å–ø–ª–∞—Ç–Ω—ã–π —Ç–µ—Å—Ç-–¥—Ä–∞–π–≤! –ü–æ–¥—Ä–æ–±–Ω—É—é –∏–Ω—Ñ–æ—Ä–º–∞—Ü–∏—é –º–æ–∂–Ω–æ –ø–æ–ª—É—á–∏—Ç—å —É —Å–ø–µ—Ü–∏–∞–ª–∏—Å—Ç–æ–≤ –∞–≤—Ç–æ—Ü–µ–Ω—Ç—Ä–∞ –ø–æ —Ç–µ–ª–µ—Ñ–æ–Ω—É.
–ú—ã —Ä–∞–±–æ—Ç–∞–µ–º –¥–æ –ø–æ—Å–ª–µ–¥–Ω–µ–≥–æ –∫–ª–∏–µ–Ω—Ç–∞.

* –î–∞–Ω–Ω—ã–µ —Å–∫–∏–¥–∫–∏ –ø—Ä–∏–º–µ–Ω—è—é—Ç—Å—è –≤ –∑–∞–≤–∏—Å–∏–º–æ—Å—Ç–∏ –æ—Ç —É—Å–ª–æ–≤–∏–π –ø–æ–∫—É–ø–∫–∏. –í—Å–µ –ø–æ–¥—Ä–æ–±–Ω–æ—Å—Ç–∏ —É—Ç–æ—á–Ω—è–π—Ç–µ —É –º–µ–Ω–µ–¥–∂–µ—Ä–æ–≤ –∞–≤—Ç–æ—Å–∞–ª–æ–Ω–∞.",https://moscow.drom.ru/chevrolet/captiva/50268588.html,230 –ª.—Å.,—á–µ—Ä–Ω—ã–π,–ê–ö–ü–ü,–ª–µ–≤—ã–π,–•–∞—Ä–∞–∫—Ç–µ—Ä–∏—Å—Ç–∏–∫–∏ —Å–æ–≤–ø–∞–¥–∞—é—Ç —Å –ü–¢–°,1 –∑–∞–ø–∏—Å—å –æ —Ä–µ–≥–∏—Å—Ç—Ä–∞—Ü–∏–∏,–ù–µ —á–∏—Å–ª–∏—Ç—Å—è –≤ —Ä–æ–∑—ã—Å–∫–µ,–û–≥—Ä–∞–Ω–∏—á–µ–Ω–∏–π –Ω–µ –æ–±–Ω–∞—Ä—É–∂–µ–Ω–æ
18,"–ü—Ä–æ–¥–∞–∂–∞ Nissan X-Trail, 2018 –≥–æ–¥ –≤ –ú–æ—Å–∫–≤–µ",1 649 000 ‚ÇΩ,"–±–µ–Ω–∑–∏–Ω, 2.0 –ª",90 434,–ù–µ–∏–∑–≤–µ—Å—Ç–Ω–æ,–°–º–æ—Ç—Ä–µ—Ç—å –≤ '–î–≤–∏–≥–∞—Ç–µ–ª—å',4WD,–ù–µ —É–∫–∞–∑–∞–Ω–æ –Ω–∞ –î—Ä–æ–º,–ú–æ—Å–∫–≤–∞ –∏ –ú–û,"–ö–û–ú–ü–õ–ï–ö–¢–ê–¶–ò–Ø
–û–±–∑–æ—Ä: –ü—Ä–æ—Ç–∏–≤–æ—Ç—É–º–∞–Ω–Ω—ã–µ —Ñ–∞—Ä—ã, –°–≤–µ—Ç–æ–¥–∏–æ–¥–Ω—ã–µ —Ñ–∞—Ä—ã, –î–∞—Ç—á–∏–∫ –¥–æ–∂–¥—è, –î–∞—Ç—á–∏–∫ —Å–≤–µ—Ç–∞, –≠–ª–µ–∫—Ç—Ä–æ–æ–±–æ–≥—Ä–µ–≤ –∑–µ—Ä–∫–∞–ª, –û–º—ã–≤–∞—Ç–µ–ª—å —Ñ–∞—Ä, –≠–ª–µ–∫—Ç—Ä–æ–æ–±–æ–≥—Ä–µ–≤ –ª–æ–±–æ–≤–æ–≥–æ —Å—Ç–µ–∫–ª–∞, –°–∏—Å—Ç–µ–º–∞ —É–ø—Ä–∞–≤–ª–µ–Ω–∏—è –¥–∞–ª—å–Ω–∏–º —Å–≤–µ—Ç–æ–º, –≠–ª–µ–∫—Ç—Ä–æ–æ–±–æ–≥—Ä–µ–≤ —Ñ–æ—Ä—Å—É–Ω–æ–∫ —Å—Ç–µ–∫–ª–æ–æ–º—ã–≤–∞—Ç–µ–ª–µ–π, –ê–≤—Ç–æ–º–∞—Ç–∏—á–µ—Å–∫–∏–π –∫–æ—Ä—Ä–µ–∫—Ç–æ—Ä —Ñ–∞—Ä;
–≠–ª–µ–º–µ–Ω—Ç—ã —ç–∫—Å—Ç–µ—Ä—å–µ—Ä–∞: –†–∞–∑–º–µ—Ä –¥–∏—Å–∫–æ–≤ - –î–∏—Å–∫–∏ 18, –†–µ–π–ª–∏–Ω–≥–∏ –Ω–∞ –∫—Ä—ã—à–µ, –¢–∏–ø –¥–∏—Å–∫–æ–≤ - –õ–µ–≥–∫–æ—Å–ø–ª–∞–≤–Ω—ã–µ –¥–∏—Å–∫–∏, –î–µ–∫–æ—Ä–∞—Ç–∏–≤–Ω—ã–µ –º–æ–ª–¥–∏–Ω–≥–∏;
–ó–∞—â–∏—Ç–∞ –æ—Ç —É–≥–æ–Ω–∞: –ò–º–º–æ–±–∏–ª–∞–π–∑–µ—Ä, –¶–µ–Ω—Ç—Ä–∞–ª—å–Ω—ã–π –∑–∞–º–æ–∫, –°–∏–≥–Ω–∞–ª–∏–∑–∞—Ü–∏—è, –î–∞—Ç—á–∏–∫ –ø—Ä–æ–Ω–∏–∫–Ω–æ–≤–µ–Ω–∏—è –≤ —Å–∞–ª–æ–Ω (–¥–∞—Ç—á–∏–∫ –æ–±—ä–µ–º–∞);
–ú—É–ª—å—Ç–∏–º–µ–¥–∏–∞: AUX, USB, –ê—É–¥–∏–æ—Å–∏—Å—Ç–µ–º–∞, Bluetooth, –†–æ–∑–µ—Ç–∫–∞ 12V, –ù–∞–≤–∏–≥–∞—Ü–∏–æ–Ω–Ω–∞—è —Å–∏—Å—Ç–µ–º–∞, –ì–æ–ª–æ—Å–æ–≤–æ–µ —É–ø—Ä–∞–≤–ª–µ–Ω–∏–µ;
–°–∞–ª–æ–Ω: –õ—é–∫, –¢–∫–∞–Ω—å (–ú–∞—Ç–µ—Ä–∏–∞–ª —Å–∞–ª–æ–Ω–∞), –ö–æ–ª–∏—á–µ—Å—Ç–≤–æ –º–µ—Å—Ç: 5, –¶–≤–µ—Ç —Å–∞–ª–æ–Ω–∞ - –¢–µ–º–Ω—ã–π —Å–∞–ª–æ–Ω, –¢–æ–Ω–∏—Ä–æ–≤–∞–Ω–Ω—ã–µ —Å—Ç–µ–∫–ª–∞, –ü–∞–Ω–æ—Ä–∞–º–Ω–∞—è –∫—Ä—ã—à–∞, –û—Ç–¥–µ–ª–∫–∞ –∫–æ–∂–µ–π —Ä—É–ª–µ–≤–æ–≥–æ –∫–æ–ª–µ—Å–∞, –ù–∞–∫–ª–∞–¥–∫–∏ –Ω–∞ –ø–æ—Ä–æ–≥–∏, –ü–æ–¥–æ–≥—Ä–µ–≤ –ø–µ—Ä–µ–¥–Ω–∏—Ö —Å–∏–¥–µ–Ω–∏–π, –û—Ç–¥–µ–ª–∫–∞ –∫–æ–∂–µ–π —Ä—ã—á–∞–≥–∞ –ö–ü–ü, –°–∫–ª–∞–¥—ã–≤–∞—é—â–µ–µ—Å—è –∑–∞–¥–Ω–µ–µ —Å–∏–¥–µ–Ω–∏–µ, –¢—Ä–µ—Ç–∏–π –∑–∞–¥–Ω–∏–π –ø–æ–¥–≥–æ–ª–æ–≤–Ω–∏–∫, –ü–µ—Ä–µ–¥–Ω–∏–π —Ü–µ–Ω—Ç—Ä–∞–ª—å–Ω—ã–π –ø–æ–¥–ª–æ–∫–æ—Ç–Ω–∏–∫, –†–µ–≥—É–ª–∏—Ä–æ–≤–∫–∞ —Å–∏–¥–µ–Ω–∏–π –ø–æ –≤—ã—Å–æ—Ç–µ - –†–µ–≥—É–ª–∏—Ä–æ–≤–∫–∞ –ø–µ—Ä–µ–¥–Ω–∏—Ö —Å–∏–¥–µ–Ω–∏–π –ø–æ –≤—ã—Å–æ—Ç–µ;
–ö–æ–º—Ñ–æ—Ä—Ç: –ö–∞–º–µ—Ä–∞ 360¬∞, –ö–æ–Ω–¥–∏—Ü–∏–æ–Ω–µ—Ä - –ö–ª–∏–º–∞—Ç-–∫–æ–Ω—Ç—Ä–æ–ª—å 2-–∑–æ–Ω–Ω—ã–π, –ë–æ—Ä—Ç–æ–≤–æ–π –∫–æ–º–ø—å—é—Ç–µ—Ä, –û—Ö–ª–∞–∂–¥–∞–µ–º—ã–π –ø–µ—Ä—á–∞—Ç–æ—á–Ω—ã–π —è—â–∏–∫, –ú—É–ª—å—Ç–∏—Ñ—É–Ω–∫—Ü–∏–æ–Ω–∞–ª—å–Ω–æ–µ —Ä—É–ª–µ–≤–æ–µ –∫–æ–ª–µ—Å–æ, –≠–ª–µ–∫—Ç—Ä–æ—Å–∫–ª–∞–¥—ã–≤–∞–Ω–∏–µ –∑–µ—Ä–∫–∞–ª, –ó–∞–ø—É—Å–∫ –¥–≤–∏–≥–∞—Ç–µ–ª—è —Å –∫–Ω–æ–ø–∫–∏, –≠–ª–µ–∫—Ç—Ä–æ–ø—Ä–∏–≤–æ–¥ –∫—Ä—ã—à–∫–∏ –±–∞–≥–∞–∂–Ω–∏–∫–∞, –°–∏—Å—Ç–µ–º–∞ –¥–æ—Å—Ç—É–ø–∞ –±–µ–∑ –∫–ª—é—á–∞, –ü–∞—Ä–∫—Ç—Ä–æ–Ω–∏–∫ –ø–µ—Ä–µ–¥–Ω–∏–π, –ü–∞—Ä–∫—Ç—Ä–æ–Ω–∏–∫ –∑–∞–¥–Ω–∏–π, –ö—Ä—É–∏–∑-–∫–æ–Ω—Ç—Ä–æ–ª—å, –£—Å–∏–ª–∏—Ç–µ–ª—å —Ä—É–ª—è, –≠–ª–µ–∫—Ç—Ä–æ–ø—Ä–∏–≤–æ–¥ –∑–µ—Ä–∫–∞–ª, –≠–ª–µ–∫—Ç—Ä–æ—Å—Ç–µ–∫–ª–æ–ø–æ–¥—ä—ë–º–Ω–∏–∫–∏ –∑–∞–¥–Ω–∏–µ, –≠–ª–µ–∫—Ç—Ä–æ—Å—Ç–µ–∫–ª–æ–ø–æ–¥—ä—ë–º–Ω–∏–∫–∏ –ø–µ—Ä–µ–¥–Ω–∏–µ, –†–µ–≥—É–ª–∏—Ä–æ–≤–∫–∞ —Ä—É–ª—è –ø–æ –≤—ã—Å–æ—Ç–µ, –†–µ–≥—É–ª–∏—Ä–æ–≤–∫–∞ —Ä—É–ª—è –ø–æ –≤—ã–ª–µ—Ç—É, –ü—Ä–∏–∫—É—Ä–∏–≤–∞—Ç–µ–ª—å –∏ –ø–µ–ø–µ–ª—å–Ω–∏—Ü–∞;
–ë–µ–∑–æ–ø–∞—Å–Ω–æ—Å—Ç—å: –ê–Ω—Ç–∏–±–ª–æ–∫–∏—Ä–æ–≤–æ—á–Ω–∞—è —Å–∏—Å—Ç–µ–º–∞ (ABS), –ê–Ω—Ç–∏–ø—Ä–æ–±—É–∫—Å–æ–≤–æ—á–Ω–∞—è —Å–∏—Å—Ç–µ–º–∞ (ASR), –°–∏—Å—Ç–µ–º–∞ –ø–æ–º–æ—â–∏ –ø—Ä–∏ —Ç–æ—Ä–º–æ–∂–µ–Ω–∏–∏, –°–∏—Å—Ç–µ–º–∞ —Å—Ç–∞–±–∏–ª–∏–∑–∞—Ü–∏–∏, –°–∏—Å—Ç–µ–º–∞ –ø–æ–º–æ—â–∏ –ø—Ä–∏ —Å—Ç–∞—Ä—Ç–µ –≤ –≥–æ—Ä—É, –ö—Ä–µ–ø–ª–µ–Ω–∏–µ –¥–ª—è –¥–µ—Ç—Å–∫–æ–≥–æ –∫—Ä–µ—Å–ª–∞ (–∑–∞–¥–Ω–∏–π —Ä—è–¥), –ü–æ–¥—É—à–∫–∏ –±–µ–∑–æ–ø–∞—Å–Ω–æ—Å—Ç–∏ –±–æ–∫–æ–≤—ã–µ, –ö—Ä–µ–ø–ª–µ–Ω–∏–µ –¥–ª—è –¥–µ—Ç—Å–∫–æ–≥–æ –∫—Ä–µ—Å–ª–∞ (–ø–µ—Ä–µ–¥–Ω–∏–π —Ä—è–¥), –ü–æ–¥—É—à–∫–∞ –±–µ–∑–æ–ø–∞—Å–Ω–æ—Å—Ç–∏ –≤–æ–¥–∏—Ç–µ–ª—è, –î–∞—Ç—á–∏–∫ –¥–∞–≤–ª–µ–Ω–∏—è –≤ —à–∏–Ω–∞—Ö, –ü–æ–¥—É—à–∫–∏ –±–µ–∑–æ–ø–∞—Å–Ω–æ—Å—Ç–∏ –æ–∫–æ–Ω–Ω—ã–µ (—à—Ç–æ—Ä–∫–∏), –ü–æ–¥—É—à–∫–∞ –±–µ–∑–æ–ø–∞—Å–Ω–æ—Å—Ç–∏ –ø–∞—Å—Å–∞–∂–∏—Ä–∞, –ü–æ–¥—É—à–∫–∏ –±–µ–∑–æ–ø–∞—Å–Ω–æ—Å—Ç–∏ –±–æ–∫–æ–≤—ã–µ –∑–∞–¥–Ω–∏–µ, –ë–ª–æ–∫–∏—Ä–æ–≤–∫–∞ –∑–∞–º–∫–æ–≤ –∑–∞–¥–Ω–∏—Ö –¥–≤–µ—Ä–µ–π;
–ü—Ä–æ—á–µ–µ: –ü–æ–ª–Ω–æ—Ä–∞–∑–º–µ—Ä–Ω–æ–µ –∑–∞–ø–∞—Å–Ω–æ–µ –∫–æ–ª–µ—Å–æ, –ó–∞—â–∏—Ç–∞ –∫–∞—Ä—Ç–µ—Ä–∞.

–ü–æ–ª—É—á–∏—Ç–µ –¥–æ–ø–æ–ª–Ω–∏—Ç–µ–ª—å–Ω—É—é —Å–∫–∏–¥–∫—É –¥–æ 300 000 —Ä—É–±–ª–µ–π –ø—Ä–∏ –ø–æ–∫—É–ø–∫–µ –∞–≤—Ç–æ–º–æ–±–∏–ª—è –≤ –∫—Ä–µ–¥–∏—Ç!

–ö–õ–Æ–ß–ï–í–´–ï –•–ê–†–ê–ö–¢–ï–†–ò–°–¢–ò–ö–ò:
¬∑ –ü–æ–ª–Ω—ã–π –ø—Ä–∏–≤–æ–¥
¬∑ –ü–∞–Ω–æ—Ä–∞–º–Ω–∞—è –∫—Ä—ã—à–∞
¬∑ –°–∏—Å—Ç–µ–º–∞ –∫–∞–º–µ—Ä –∫—Ä—É–≥–æ–≤–æ–≥–æ –æ–±–∑–æ—Ä–∞ 360¬∞
¬∑ –õ—é–∫ –º–Ω–æ–≥–∏–µ –¥—Ä—É–≥–∏–µ –æ–ø—Ü–∏–∏!

‚ùó –í—Å–µ –∑–∞—è–≤–ª–µ–Ω–Ω—ã–µ –∞–≤—Ç–æ–º–æ–±–∏–ª–∏ –Ω–∞—Ö–æ–¥—è—Ç—Å—è –≤ –Ω–∞–ª–∏—á–∏–∏.
‚ùó –ß–µ—Å—Ç–Ω—ã–µ —Ü–µ–Ω—ã.
‚ùó –ë–µ–∑ —Å–∫—Ä—ã—Ç—ã—Ö –∫–æ–º–∏—Å—Å–∏–π.
‚ùó –í—ã–≥–æ–¥–∞ –ø–æ –ø—Ä–æ–≥—Ä–∞–º–º–µ Trade-In –¥–æ 100 —Ç—ã—Å—è—á —Ä—É–±–ª–µ–π. *



–£—Å–ª–æ–≤–∏—è –ø—Ä–∏ –ø–æ–∫—É–ø–∫–µ –∞–≤—Ç–æ–º–æ–±–∏–ª—è –≤ –∫—Ä–µ–¥–∏—Ç:

–°—Ç–∞–≤–∫–∞ –æ—Ç 4.9% –≥–æ–¥–æ–≤—ã—Ö;
–ü–µ—Ä–≤–æ–Ω–∞—á–∞–ª—å–Ω—ã–π –≤–∑–Ω–æ—Å –æ—Ç 0%;
–û—Ñ–æ—Ä–º–ª–µ–Ω–∏–µ –ø–æ –¥–≤—É–º –¥–æ–∫—É–º–µ–Ω—Ç–∞–º;
–°—Ä–æ–∫ –∫—Ä–µ–¥–∏—Ç–æ–≤–∞–Ω–∏—è –æ—Ç 6 –º–µ—Å—è—Ü–µ–≤ –¥–æ 7 –ª–µ—Ç;
–ë–µ–∑ –æ—Ñ–æ—Ä–º–ª–µ–Ω–∏—è –ö–ê–°–ö–û;

–ü—Ä–∏ –ø–æ–∫—É–ø–∫–µ –∞–≤—Ç–æ–º–æ–±–∏–ª—è –∫–∞–∂–¥—ã–π –∫–ª–∏–µ–Ω—Ç –ø–æ–ª—É—á–∞–µ—Ç –ø–æ–¥–∞—Ä–æ–∫ –Ω–∞ –≤—ã–±–æ—Ä:

üî• –ö–æ–º–ø–ª–µ–∫—Ç —Ä–µ–∑–∏–Ω—ã.
üî• –ü–æ–ª–Ω–æ–µ –∫–æ–º–ø–ª–µ–∫—Å–Ω–æ–µ –¢–û.
üî• –°—Ç—Ä–∞—Ö–æ–≤–æ–π –ø–æ–ª–∏—Å –û–°–ê–ì–û —Å—Ä–æ–∫–æ–º –Ω–∞ 3 –º–µ—Å—è—Ü–∞.

–ü—Ä–∏–≥–ª–∞—à–∞–µ–º –Ω–∞ –±–µ—Å–ø–ª–∞—Ç–Ω—ã–π —Ç–µ—Å—Ç-–¥—Ä–∞–π–≤! –ü–æ–¥—Ä–æ–±–Ω—É—é –∏–Ω—Ñ–æ—Ä–º–∞—Ü–∏—é –º–æ–∂–Ω–æ –ø–æ–ª—É—á–∏—Ç—å —É —Å–ø–µ—Ü–∏–∞–ª–∏—Å—Ç–æ–≤ –∞–≤—Ç–æ—Ü–µ–Ω—Ç—Ä–∞ –ø–æ —Ç–µ–ª–µ—Ñ–æ–Ω—É.
–ú—ã —Ä–∞–±–æ—Ç–∞–µ–º –¥–æ –ø–æ—Å–ª–µ–¥–Ω–µ–≥–æ –∫–ª–∏–µ–Ω—Ç–∞.

* –î–∞–Ω–Ω—ã–µ —Å–∫–∏–¥–∫–∏ –ø—Ä–∏–º–µ–Ω—è—é—Ç—Å—è –≤ –∑–∞–≤–∏—Å–∏–º–æ—Å—Ç–∏ –æ—Ç —É—Å–ª–æ–≤–∏–π –ø–æ–∫—É–ø–∫–∏. –í—Å–µ –ø–æ–¥—Ä–æ–±–Ω–æ—Å—Ç–∏ —É—Ç–æ—á–Ω—è–π—Ç–µ —É –º–µ–Ω–µ–¥–∂–µ—Ä–æ–≤ –∞–≤—Ç–æ—Å–∞–ª–æ–Ω–∞.",https://moscow.drom.ru/nissan/x-trail/50401828.html,144 –ª.—Å.,—Å–µ—Ä—ã–π,–≤–∞—Ä–∏–∞—Ç–æ—Ä,–ª–µ–≤—ã–π,–•–∞—Ä–∞–∫—Ç–µ—Ä–∏—Å—Ç–∏–∫–∏ —Å–æ–≤–ø–∞–¥–∞—é—Ç —Å –ü–¢–°,1 –∑–∞–ø–∏—Å—å –æ —Ä–µ–≥–∏—Å—Ç—Ä–∞—Ü–∏–∏,–ù–µ —á–∏—Å–ª–∏—Ç—Å—è –≤ —Ä–æ–∑—ã—Å–∫–µ,–û–≥—Ä–∞–Ω–∏—á–µ–Ω–∏–π –Ω–µ –æ–±–Ω–∞—Ä—É–∂–µ–Ω–æ
19,"–ü—Ä–æ–¥–∞–∂–∞ Nissan Murano, 2012 –≥–æ–¥ –≤ –ú–æ—Å–∫–≤–µ",949 000 ‚ÇΩ,"–±–µ–Ω–∑–∏–Ω, 3.5 –ª",131 216,–¥–∂–∏–ø/suv 5 –¥–≤.,–°–º–æ—Ç—Ä–µ—Ç—å –≤ '–î–≤–∏–≥–∞—Ç–µ–ª—å',4WD,–ù–µ —É–∫–∞–∑–∞–Ω–æ –Ω–∞ –î—Ä–æ–º,–ú–æ—Å–∫–≤–∞ –∏ –ú–û,"–ö–û–ú–ü–õ–ï–ö–¢–ê–¶–ò–Ø
–û–±–∑–æ—Ä: –ü—Ä–æ—Ç–∏–≤–æ—Ç—É–º–∞–Ω–Ω—ã–µ —Ñ–∞—Ä—ã, –ö—Å–µ–Ω–æ–Ω–æ–≤—ã–µ/–ë–∏–∫—Å–µ–Ω–æ–Ω–æ–≤—ã–µ —Ñ–∞—Ä—ã, –î–∞—Ç—á–∏–∫ –¥–æ–∂–¥—è, –î–∞—Ç—á–∏–∫ —Å–≤–µ—Ç–∞, –≠–ª–µ–∫—Ç—Ä–æ–æ–±–æ–≥—Ä–µ–≤ –∑–µ—Ä–∫–∞–ª, –û–º—ã–≤–∞—Ç–µ–ª—å —Ñ–∞—Ä, –≠–ª–µ–∫—Ç—Ä–æ–æ–±–æ–≥—Ä–µ–≤ –∑–æ–Ω—ã —Å—Ç–µ–∫–ª–æ–æ—á–∏—Å—Ç–∏—Ç–µ–ª–µ–π, –≠–ª–µ–∫—Ç—Ä–æ–æ–±–æ–≥—Ä–µ–≤ —Ñ–æ—Ä—Å—É–Ω–æ–∫ —Å—Ç–µ–∫–ª–æ–æ–º—ã–≤–∞—Ç–µ–ª–µ–π;
–≠–ª–µ–º–µ–Ω—Ç—ã —ç–∫—Å—Ç–µ—Ä—å–µ—Ä–∞: –†–∞–∑–º–µ—Ä –¥–∏—Å–∫–æ–≤ - –î–∏—Å–∫–∏ 18, –†–µ–π–ª–∏–Ω–≥–∏ –Ω–∞ –∫—Ä—ã—à–µ, –¢–∏–ø –¥–∏—Å–∫–æ–≤ - –õ–µ–≥–∫–æ—Å–ø–ª–∞–≤–Ω—ã–µ –¥–∏—Å–∫–∏, –î–µ–∫–æ—Ä–∞—Ç–∏–≤–Ω—ã–µ –º–æ–ª–¥–∏–Ω–≥–∏;
–ó–∞—â–∏—Ç–∞ –æ—Ç —É–≥–æ–Ω–∞: –ò–º–º–æ–±–∏–ª–∞–π–∑–µ—Ä, –¶–µ–Ω—Ç—Ä–∞–ª—å–Ω—ã–π –∑–∞–º–æ–∫, –°–∏–≥–Ω–∞–ª–∏–∑–∞—Ü–∏—è, –î–∞—Ç—á–∏–∫ –ø—Ä–æ–Ω–∏–∫–Ω–æ–≤–µ–Ω–∏—è –≤ —Å–∞–ª–æ–Ω (–¥–∞—Ç—á–∏–∫ –æ–±—ä–µ–º–∞);
–ú—É–ª—å—Ç–∏–º–µ–¥–∏–∞: AUX, USB, –ê—É–¥–∏–æ—Å–∏—Å—Ç–µ–º–∞, Bluetooth, –†–æ–∑–µ—Ç–∫–∞ 12V, –ù–∞–≤–∏–≥–∞—Ü–∏–æ–Ω–Ω–∞—è —Å–∏—Å—Ç–µ–º–∞;
–°–∞–ª–æ–Ω: –ö–æ–∂–∞ (–ú–∞—Ç–µ—Ä–∏–∞–ª —Å–∞–ª–æ–Ω–∞), –ö–æ–ª–∏—á–µ—Å—Ç–≤–æ –º–µ—Å—Ç: 5, –¶–≤–µ—Ç —Å–∞–ª–æ–Ω–∞ - –¢–µ–º–Ω—ã–π —Å–∞–ª–æ–Ω, –¢–æ–Ω–∏—Ä–æ–≤–∞–Ω–Ω—ã–µ —Å—Ç–µ–∫–ª–∞, –û—Ç–¥–µ–ª–∫–∞ –∫–æ–∂–µ–π —Ä—É–ª–µ–≤–æ–≥–æ –∫–æ–ª–µ—Å–∞, –ù–∞–∫–ª–∞–¥–∫–∏ –Ω–∞ –ø–æ—Ä–æ–≥–∏, –ü–æ–¥–æ–≥—Ä–µ–≤ –ø–µ—Ä–µ–¥–Ω–∏—Ö —Å–∏–¥–µ–Ω–∏–π, –û—Ç–¥–µ–ª–∫–∞ –∫–æ–∂–µ–π —Ä—ã—á–∞–≥–∞ –ö–ü–ü, –°–∫–ª–∞–¥—ã–≤–∞—é—â–µ–µ—Å—è –∑–∞–¥–Ω–µ–µ —Å–∏–¥–µ–Ω–∏–µ, –¢—Ä–µ—Ç–∏–π –∑–∞–¥–Ω–∏–π –ø–æ–¥–≥–æ–ª–æ–≤–Ω–∏–∫, –≠–ª–µ–∫—Ç—Ä–æ—Ä–µ–≥—É–ª–∏—Ä–æ–≤–∫–∞ —Å–∏–¥–µ–Ω—å—è –≤–æ–¥–∏—Ç–µ–ª—è, –ü–µ—Ä–µ–¥–Ω–∏–π —Ü–µ–Ω—Ç—Ä–∞–ª—å–Ω—ã–π –ø–æ–¥–ª–æ–∫–æ—Ç–Ω–∏–∫, –†–µ–≥—É–ª–∏—Ä–æ–≤–∫–∞ —Å–∏–¥–µ–Ω–∏–π –ø–æ –≤—ã—Å–æ—Ç–µ - –†–µ–≥—É–ª–∏—Ä–æ–≤–∫–∞ –ø–µ—Ä–µ–¥–Ω–∏—Ö —Å–∏–¥–µ–Ω–∏–π –ø–æ –≤—ã—Å–æ—Ç–µ, –≠–ª–µ–∫—Ç—Ä–æ—Ä–µ–≥—É–ª–∏—Ä–æ–≤–∫–∞ –ø–µ—Ä–µ–¥–Ω–∏—Ö —Å–∏–¥–µ–Ω–∏–π;
–ö–æ–º—Ñ–æ—Ä—Ç: –ö–∞–º–µ—Ä–∞ –∑–∞–¥–Ω—è—è, –ö–æ–Ω–¥–∏—Ü–∏–æ–Ω–µ—Ä - –ö–ª–∏–º–∞—Ç-–∫–æ–Ω—Ç—Ä–æ–ª—å 2-–∑–æ–Ω–Ω—ã–π, –ë–æ—Ä—Ç–æ–≤–æ–π –∫–æ–º–ø—å—é—Ç–µ—Ä, –û—Ö–ª–∞–∂–¥–∞–µ–º—ã–π –ø–µ—Ä—á–∞—Ç–æ—á–Ω—ã–π —è—â–∏–∫, –ú—É–ª—å—Ç–∏—Ñ—É–Ω–∫—Ü–∏–æ–Ω–∞–ª—å–Ω–æ–µ —Ä—É–ª–µ–≤–æ–µ –∫–æ–ª–µ—Å–æ, –≠–ª–µ–∫—Ç—Ä–æ—Å–∫–ª–∞–¥—ã–≤–∞–Ω–∏–µ –∑–µ—Ä–∫–∞–ª, –ó–∞–ø—É—Å–∫ –¥–≤–∏–≥–∞—Ç–µ–ª—è —Å –∫–Ω–æ–ø–∫–∏, –°–∏—Å—Ç–µ–º–∞ –¥–æ—Å—Ç—É–ø–∞ –±–µ–∑ –∫–ª—é—á–∞, –ö—Ä—É–∏–∑-–∫–æ–Ω—Ç—Ä–æ–ª—å, –£—Å–∏–ª–∏—Ç–µ–ª—å —Ä—É–ª—è, –≠–ª–µ–∫—Ç—Ä–æ–ø—Ä–∏–≤–æ–¥ –∑–µ—Ä–∫–∞–ª, –≠–ª–µ–∫—Ç—Ä–æ—Å—Ç–µ–∫–ª–æ–ø–æ–¥—ä—ë–º–Ω–∏–∫–∏ –∑–∞–¥–Ω–∏–µ, –≠–ª–µ–∫—Ç—Ä–æ—Å—Ç–µ–∫–ª–æ–ø–æ–¥—ä—ë–º–Ω–∏–∫–∏ –ø–µ—Ä–µ–¥–Ω–∏–µ, –†–µ–≥—É–ª–∏—Ä–æ–≤–∫–∞ —Ä—É–ª—è –ø–æ –≤—ã—Å–æ—Ç–µ, –†–µ–≥—É–ª–∏—Ä–æ–≤–∫–∞ —Ä—É–ª—è –ø–æ –≤—ã–ª–µ—Ç—É, –ü—Ä–∏–∫—É—Ä–∏–≤–∞—Ç–µ–ª—å –∏ –ø–µ–ø–µ–ª—å–Ω–∏—Ü–∞;
–ë–µ–∑–æ–ø–∞—Å–Ω–æ—Å—Ç—å: –ê–Ω—Ç–∏–±–ª–æ–∫–∏—Ä–æ–≤–æ—á–Ω–∞—è —Å–∏—Å—Ç–µ–º–∞ (ABS), –ê–Ω—Ç–∏–ø—Ä–æ–±—É–∫—Å–æ–≤–æ—á–Ω–∞—è —Å–∏—Å—Ç–µ–º–∞ (ASR), –°–∏—Å—Ç–µ–º–∞ –ø–æ–º–æ—â–∏ –ø—Ä–∏ —Ç–æ—Ä–º–æ–∂–µ–Ω–∏–∏, –°–∏—Å—Ç–µ–º–∞ —Å—Ç–∞–±–∏–ª–∏–∑–∞—Ü–∏–∏, –ö—Ä–µ–ø–ª–µ–Ω–∏–µ –¥–ª—è –¥–µ—Ç—Å–∫–æ–≥–æ –∫—Ä–µ—Å–ª–∞ (–∑–∞–¥–Ω–∏–π —Ä—è–¥), –ü–æ–¥—É—à–∫–∏ –±–µ–∑–æ–ø–∞—Å–Ω–æ—Å—Ç–∏ –±–æ–∫–æ–≤—ã–µ, –ö—Ä–µ–ø–ª–µ–Ω–∏–µ –¥–ª—è –¥–µ—Ç—Å–∫–æ–≥–æ –∫—Ä–µ—Å–ª–∞ (–ø–µ—Ä–µ–¥–Ω–∏–π —Ä—è–¥), –ü–æ–¥—É—à–∫–∞ –±–µ–∑–æ–ø–∞—Å–Ω–æ—Å—Ç–∏ –≤–æ–¥–∏—Ç–µ–ª—è, –î–∞—Ç—á–∏–∫ –¥–∞–≤–ª–µ–Ω–∏—è –≤ —à–∏–Ω–∞—Ö, –ü–æ–¥—É—à–∫–∞ –±–µ–∑–æ–ø–∞—Å–Ω–æ—Å—Ç–∏ –ø–∞—Å—Å–∞–∂–∏—Ä–∞, –ü–æ–¥—É—à–∫–∏ –±–µ–∑–æ–ø–∞—Å–Ω–æ—Å—Ç–∏ –±–æ–∫–æ–≤—ã–µ –∑–∞–¥–Ω–∏–µ, –ë–ª–æ–∫–∏—Ä–æ–≤–∫–∞ –∑–∞–º–∫–æ–≤ –∑–∞–¥–Ω–∏—Ö –¥–≤–µ—Ä–µ–π;
–ü—Ä–æ—á–µ–µ: –ü–æ–ª–Ω–æ—Ä–∞–∑–º–µ—Ä–Ω–æ–µ –∑–∞–ø–∞—Å–Ω–æ–µ –∫–æ–ª–µ—Å–æ, –ó–∞—â–∏—Ç–∞ –∫–∞—Ä—Ç–µ—Ä–∞.

–ü–æ–ª—É—á–∏—Ç–µ –¥–æ–ø–æ–ª–Ω–∏—Ç–µ–ª—å–Ω—É—é —Å–∫–∏–¥–∫—É –¥–æ 200 000 —Ä—É–±–ª–µ–π –ø—Ä–∏ –ø–æ–∫—É–ø–∫–µ –∞–≤—Ç–æ–º–æ–±–∏–ª—è –≤ –∫—Ä–µ–¥–∏—Ç!

‚ùó –í—Å–µ –∑–∞—è–≤–ª–µ–Ω–Ω—ã–µ –∞–≤—Ç–æ–º–æ–±–∏–ª–∏ –Ω–∞—Ö–æ–¥—è—Ç—Å—è –≤ –Ω–∞–ª–∏—á–∏–∏.
‚ùó –ß–µ—Å—Ç–Ω—ã–µ —Ü–µ–Ω—ã.
‚ùó –ë–µ–∑ —Å–∫—Ä—ã—Ç—ã—Ö –∫–æ–º–∏—Å—Å–∏–π.
‚ùó –í—ã–≥–æ–¥–∞ –ø–æ –ø—Ä–æ–≥—Ä–∞–º–º–µ Trade-In –¥–æ 100 —Ç—ã—Å—è—á —Ä—É–±–ª–µ–π. *



–£—Å–ª–æ–≤–∏—è –ø—Ä–∏ –ø–æ–∫—É–ø–∫–µ –∞–≤—Ç–æ–º–æ–±–∏–ª—è –≤ –∫—Ä–µ–¥–∏—Ç:

–°—Ç–∞–≤–∫–∞ –æ—Ç 4.9% –≥–æ–¥–æ–≤—ã—Ö;
–ü–µ—Ä–≤–æ–Ω–∞—á–∞–ª—å–Ω—ã–π –≤–∑–Ω–æ—Å –æ—Ç 0%;
–û—Ñ–æ—Ä–º–ª–µ–Ω–∏–µ –ø–æ –¥–≤—É–º –¥–æ–∫—É–º–µ–Ω—Ç–∞–º;
–°—Ä–æ–∫ –∫—Ä–µ–¥–∏—Ç–æ–≤–∞–Ω–∏—è –æ—Ç 6 –º–µ—Å—è—Ü–µ–≤ –¥–æ 7 –ª–µ—Ç;
–ë–µ–∑ –æ—Ñ–æ—Ä–º–ª–µ–Ω–∏—è –ö–ê–°–ö–û;

–ü—Ä–∏ –ø–æ–∫—É–ø–∫–µ –∞–≤—Ç–æ–º–æ–±–∏–ª—è –∫–∞–∂–¥—ã–π –∫–ª–∏–µ–Ω—Ç –ø–æ–ª—É—á–∞–µ—Ç –ø–æ–¥–∞—Ä–æ–∫ –Ω–∞ –≤—ã–±–æ—Ä:

üî• –ö–æ–º–ø–ª–µ–∫—Ç —Ä–µ–∑–∏–Ω—ã.
üî• –ü–æ–ª–Ω–æ–µ –∫–æ–º–ø–ª–µ–∫—Å–Ω–æ–µ –¢–û.
üî• –°—Ç—Ä–∞—Ö–æ–≤–æ–π –ø–æ–ª–∏—Å –û–°–ê–ì–û —Å—Ä–æ–∫–æ–º –Ω–∞ 3 –º–µ—Å—è—Ü–∞.

–ü—Ä–∏–≥–ª–∞—à–∞–µ–º –Ω–∞ –±–µ—Å–ø–ª–∞—Ç–Ω—ã–π —Ç–µ—Å—Ç-–¥—Ä–∞–π–≤! –ü–æ–¥—Ä–æ–±–Ω—É—é –∏–Ω—Ñ–æ—Ä–º–∞—Ü–∏—é –º–æ–∂–Ω–æ –ø–æ–ª—É—á–∏—Ç—å —É —Å–ø–µ—Ü–∏–∞–ª–∏—Å—Ç–æ–≤ –∞–≤—Ç–æ—Ü–µ–Ω—Ç—Ä–∞ –ø–æ —Ç–µ–ª–µ—Ñ–æ–Ω—É.
–ú—ã —Ä–∞–±–æ—Ç–∞–µ–º –¥–æ –ø–æ—Å–ª–µ–¥–Ω–µ–≥–æ –∫–ª–∏–µ–Ω—Ç–∞.

* –î–∞–Ω–Ω—ã–µ —Å–∫–∏–¥–∫–∏ –ø—Ä–∏–º–µ–Ω—è—é—Ç—Å—è –≤ –∑–∞–≤–∏—Å–∏–º–æ—Å—Ç–∏ –æ—Ç —É—Å–ª–æ–≤–∏–π –ø–æ–∫—É–ø–∫–∏. –í—Å–µ –ø–æ–¥—Ä–æ–±–Ω–æ—Å—Ç–∏ —É—Ç–æ—á–Ω—è–π—Ç–µ —É –º–µ–Ω–µ–¥–∂–µ—Ä–æ–≤ –∞–≤—Ç–æ—Å–∞–ª–æ–Ω–∞.",https://moscow.drom.ru/nissan/murano/49580918.html,249 –ª.—Å.,—á–µ—Ä–Ω—ã–π,–≤–∞—Ä–∏–∞—Ç–æ—Ä,–ª–µ–≤—ã–π,–•–∞—Ä–∞–∫—Ç–µ—Ä–∏—Å—Ç–∏–∫–∏ —Å–æ–≤–ø–∞–¥–∞—é—Ç —Å –ü–¢–°,3 –∑–∞–ø–∏—Å–∏ –æ —Ä–µ–≥–∏—Å—Ç—Ä–∞—Ü–∏–∏,–ù–µ —á–∏—Å–ª–∏—Ç—Å—è –≤ —Ä–æ–∑—ã—Å–∫–µ,–û–≥—Ä–∞–Ω–∏—á–µ–Ω–∏–π –Ω–µ –æ–±–Ω–∞—Ä—É–∂–µ–Ω–æ
